UID,Prolific ID,Signed up,Last seen
4hXiY6RHPWdTkVwdyadrgLVlliz1,595e4bef84f571000111ca04,24/03/2023,24/03/2023
AAfK2ufqmsXvb3WIjjOKNS656vp1,5c897696146e370001e063c9,24/03/2023,24/03/2023
Cb65AAuAq3eBPhRyxHPTI3STGhU2,5a31373183019b00012f6322,28/03/2023,28/03/2023
ITCwcxQ7TeUB9GY1kynoeWHrodt1,58d9364748a05500011713fd,29/03/2023,29/03/2023
NE1OPN0B33XFYzaFWc42i32mhI32,5cd9712d725bb3000128f2bd,14/02/2023,14/02/2023
PJEb6knRxiNHqDwQ0FtIpJXAqsB3,5718a9c4dd9ef10013df01f0,25/03/2023,25/03/2023
PLNXzLQBdHMonLlZz8th4rXooLS2,595ceea8dd044900012ce64a,27/03/2023,27/03/2023
QQX2POKSUkXfjPPCda1E2gv2uFL2,5ecb6acd10d2c36e6124c9bd,24/03/2023,29/03/2023
Szibe84ab3YmJdd0KLy1CdIpmHn1,64137087a26baa97a1348ce7,24/03/2023,24/03/2023
UgEqwkVwVuY5xj7JT1Aw29MIaPr1,63cff1f3f6837928721fe2ef,24/03/2023,06/05/2023
WNQ9oj1Y2Wh6vUQ16q2gq8TCo2T2,63d190d52bb71e0e81d868f2,24/03/2023,24/03/2023
YDQnSaNzxKhVMxUQ0sAmN9EQDXP2,5b87c3f9e88caf0001b79375,,
YDRSTRQANJQqSKdzAWH2I7YN7pf2,5fee24adb0feb8102643d962,28/03/2023,28/03/2023
h3n9XoobaPbWVFbO9Zutyd92NSf1,5ef647ec3ce68a1178780f5a,26/03/2023,26/03/2023
hIcpwKGXrSXJmBfZEOFLfoFZEE83,5f28196752b92a0a83d7a9db,24/03/2023,24/03/2023
hwhIWqd5PBNnwL8NS2KZe6f5Qk33,60fe8de5380ae67bf7370ac8,17/02/2023,17/02/2023
i7Iiv4zYo6adimGe1uR1olUZBq02,62b5fea64b239d91783414ff,24/03/2023,24/03/2023
jhS20aGBnnfkQL9ndXOpUCyWwHs2,5c0873675b32d500012e3f2c,24/03/2023,24/03/2023
pqmDBm0Fa8Uu5DaA1gUyUwfRvUF2,6271219c2f0fd73e4d217a77,27/03/2023,27/03/2023