pid,week,module,activity,date,rct
5f34625f68dec936969152b0,0,,weekly_survey,2022-11-02 13:06:00,1
5ecffbd8141ffb0a3ec0eb86,0,,weekly_survey,2022-11-02 10:53:47,1
5d575f44182f9f001900a380,0,,weekly_survey,2022-11-01 22:34:34,1
6149b27bd1d1f40ed535c2b4,0,,weekly_survey,2022-11-01 22:08:21,1
6128bb91e53faf657695550c,0,,weekly_survey,2022-11-01 20:55:58,1
5e1781093582cc082a68723c,0,,weekly_survey,2022-11-01 20:23:58,1
5e808eb795fdc17626bcc164,0,,weekly_survey,2022-11-01 19:31:49,1
5ce7f7ae2aa9590016af2ba7,0,,weekly_survey,2022-11-01 19:30:20,1
5fb13129b04a8557d629bb16,0,,weekly_survey,2022-11-01 19:13:26,1
6303c76ad8f0c525dbaa6563,0,,weekly_survey,2022-11-01 19:08:47,1
61031d599d3fc41f00e7e6c0,0,,weekly_survey,2022-11-01 18:38:48,1
61474f07f4cfbc50cb3b2f1e,0,,weekly_survey,2022-11-01 18:34:37,1
60927707758ca118d00ac04b,0,,weekly_survey,2022-11-01 18:34:03,1
62d13eb8bb0d45e1ad36d312,0,,weekly_survey,2022-11-01 18:20:56,1
5e19d095c5d2902507755956,0,,weekly_survey,2022-11-01 18:17:22,1
5dc93b9a575da16530499583,0,,weekly_survey,2022-11-01 18:16:13,1
5edaac6ad4bd47161c3d50ba,0,,weekly_survey,2022-11-01 18:11:43,1
603d04228f5578000ba2c7b5,0,,weekly_survey,2022-11-01 18:07:06,1
5cad1eef8ed53d00180d2532,0,,weekly_survey,2022-11-01 17:55:08,1
5f1b5446ba959b33dbc0eede,0,,weekly_survey,2022-11-01 17:34:11,1
5da179412996110016d853d5,0,,weekly_survey,2022-11-01 17:10:53,1
5d2df58a481c4b001d16250d,0,,weekly_survey,2022-11-01 17:02:14,1
5c52f9bce66e510001ee16c2,0,,weekly_survey,2022-11-01 16:57:02,1
62a1d78571f418b5e6fc26fb,0,,weekly_survey,2022-11-01 16:34:48,1
5fd329adf2515a16ef7d1b58,0,,weekly_survey,2022-11-01 16:27:41,1
612cb8ab5ad60fc4504e073f,0,,weekly_survey,2022-11-01 16:02:39,1
5f00396a739ed5000c224c26,0,,weekly_survey,2022-11-01 15:59:36,1
5fc93d0e16b69439e106238e,0,,weekly_survey,2022-11-01 15:58:18,1
634800fdb2e94793820316a0,0,,weekly_survey,2022-11-01 15:54:14,1
611ffc2ea28e21fa33671d4c,0,,weekly_survey,2022-11-01 15:21:40,1
60edb4bc87206e9977d8d57e,0,,weekly_survey,2022-11-01 15:09:16,1
5891dd715c15e00001583fbc,0,,weekly_survey,2022-11-01 14:57:18,1
6078649b9de64f21e3fee45d,0,,weekly_survey,2022-11-01 14:56:56,1
6014c1b18c19b3524a3ef183,0,,weekly_survey,2022-11-01 14:42:52,1
60ec9212ee17ee6d4945f7de,0,,weekly_survey,2022-11-01 14:41:05,1
5e291f8145cbca0ecbadd6a3,0,,weekly_survey,2022-11-01 14:28:38,1
634b019c131faf32332e429d,0,,weekly_survey,2022-11-01 14:11:10,1
61321dc71434c8765dd3bf1c,0,,weekly_survey,2022-11-01 13:54:54,1
5e204990b062543612e9a254,0,,weekly_survey,2022-11-01 13:36:14,1
5d3d9749607ede001a0712df,0,,weekly_survey,2022-11-01 13:27:20,1
5995889da2bbe000018833d9,0,,weekly_survey,2022-11-01 13:25:59,1
5e9c5460d2c58515ec1702be,0,,weekly_survey,2022-11-01 13:20:43,1
5d2fc33c3af1410018f872ae,0,,weekly_survey,2022-11-01 13:18:21,1
5eff6065cc8d32014292657f,0,,weekly_survey,2022-11-01 13:13:12,1
629f9d0e292a1846040223b7,0,,weekly_survey,2022-11-01 13:11:43,1
5f0f2ff0762218000970c967,0,,weekly_survey,2022-11-01 13:11:07,1
5689916dd3d6a7000aa1cbf0,0,,weekly_survey,2022-11-01 13:07:52,1
5bb0cc738f3bd70001e513e3,0,,weekly_survey,2022-11-01 13:07:37,1
6307cc2da13d39254c1f139c,0,,weekly_survey,2022-11-01 13:06:02,1
5efc4bfd3ba857044cac4787,0,,weekly_survey,2022-11-01 13:05:00,1
5a6107bb31b87a0001c6c49b,0,,weekly_survey,2022-11-01 13:03:20,1
5f50e3d60305bb088998b766,0,,weekly_survey,2022-11-01 13:03:07,1
62fb79a36ba83fbcd9b713c6,0,,weekly_survey,2022-11-01 12:30:10,1
5dccf99db9d9049777368b3b,0,,weekly_survey,2022-11-01 12:18:05,1
603ce90d158dc4ae761a15fa,0,,weekly_survey,2022-11-02 14:36:15,1
5d651053afb8f700198459d4,0,,weekly_survey,2022-11-02 14:10:51,1
5f3e788210bda10837e37fca,0,,weekly_survey,2022-11-02 13:41:14,1
5fc0ddfbcfc57d00094c4b3d,0,,weekly_survey,2022-11-02 13:30:05,1
5f81cf89624ff22aadd9c9a7,0,,weekly_survey,2022-11-02 13:07:43,1
628f73adc5b81a118dfb1a06,0,,weekly_survey,2022-11-02 13:06:55,1
61673b692a55fba0f6b8abf1,0,,weekly_survey,2022-11-02 13:04:10,1
5b6cd747a1fda800015ff9ba,0,,weekly_survey,2022-11-02 12:48:26,1
5fe3740d2738affd7cad1bc0,0,,weekly_survey,2022-11-02 11:57:12,1
5efb98c3d5919f121a986486,0,,weekly_survey,2022-11-02 11:16:43,1
5bbbcd283895e3000163213f,0,,weekly_survey,2022-11-02 10:53:58,1
5b2accc228c8850001e7f85b,0,,weekly_survey,2022-11-02 10:46:23,1
62ebd08bd6729790ced8587f,0,,weekly_survey,2022-11-02 10:45:05,1
63468948a737d638cacf18bb,0,,weekly_survey,2022-11-02 10:34:09,1
5a4be74f21bfa00001081851,0,,weekly_survey,2022-11-02 07:52:56,1
61011dd1dccad8267930b9bd,0,,weekly_survey,2022-11-02 07:17:27,1
60dfa262b225a8e45b6d4421,0,,weekly_survey,2022-11-02 00:09:51,1
5baa81380d7ad600017a85de,0,,weekly_survey,2022-11-01 23:36:47,1
5f7e180204eed80b515a3569,0,,weekly_survey,2022-11-01 23:19:18,1
5e7e35796c12324f2a9aa602,0,,weekly_survey,2022-11-01 23:15:03,1
5f28431d82be890d2f58a32d,0,,weekly_survey,2022-11-01 22:42:42,1
615f352d323edd8ef58fedbd,0,,weekly_survey,2022-11-01 21:12:02,1
61470066dce66ce341df39c1,0,,weekly_survey,2022-11-01 20:03:57,1
58ebfc286d5fe6000166b9ff,0,,weekly_survey,2022-11-01 20:02:08,1
5b7f17a7338a93000155a36d,0,,weekly_survey,2022-11-01 19:59:00,1
5c37223ebef9a20001e38dad,0,,weekly_survey,2022-11-01 19:27:28,1
601732b73bdebe96ac49d4eb,0,,weekly_survey,2022-11-01 19:23:46,1
62796c419a79d1923fd947e2,0,,weekly_survey,2022-11-01 19:16:33,1
57fbd79de7e73400019ca256,0,,weekly_survey,2022-11-01 19:08:27,1
627414b935ba5506bee347d2,0,,weekly_survey,2022-11-01 19:06:37,1
5e41630f6391e10286e2bddf,0,,weekly_survey,2022-11-01 18:55:04,1
5f69a3c91c1e25193e3f9c7b,0,,weekly_survey,2022-11-01 18:48:22,1
6173a7aa2d3f11e56d9f96f2,0,,weekly_survey,2022-11-01 18:42:33,1
5e1cf0eb65b6d3071f489de9,0,,weekly_survey,2022-11-01 18:04:34,1
5cc36fcedc68980014f27704,0,,weekly_survey,2022-11-01 18:00:01,1
611cecb5dbc0658aad64bf2d,0,,weekly_survey,2022-11-01 17:55:54,1
5c158ec0c6b01c0001bcfa72,0,,weekly_survey,2022-11-01 17:43:34,1
5f493fea06249046a8db8569,0,,weekly_survey,2022-11-01 16:29:58,1
5c17c149f596b100011ca8b8,0,,weekly_survey,2022-11-01 16:19:05,1
62ce97db1fa788670dea28c2,0,,weekly_survey,2022-11-01 16:14:20,1
5d9261e776e8dd00195f28f2,0,,weekly_survey,2022-11-01 16:06:08,1
5ed68c770e41400dd0056c55,0,,weekly_survey,2022-11-01 15:55:47,1
60da18693053b2c1d420085f,0,,weekly_survey,2022-11-01 15:54:58,1
60c20abfdccab926283d8f7f,0,,weekly_survey,2022-11-01 15:47:54,1
617097e90d0505595ce66612,0,,weekly_survey,2022-11-01 15:41:48,1
5c4b987538878c0001c7883b,0,,weekly_survey,2022-11-01 15:36:39,1
5cf510ccb0bafb00161ffd56,0,,weekly_survey,2022-11-01 15:36:01,1
62a71ce6a09aa213bd5c3de9,0,,weekly_survey,2022-11-01 15:29:13,1
634d73a0b235813241e9532a,0,,weekly_survey,2022-11-01 15:27:33,1
60ddcc052137212419247c3c,0,,weekly_survey,2022-11-01 13:15:26,1
5caa61abcb4af3001640e877,0,,weekly_survey,2022-11-01 13:00:43,1
611cf78346c5e728a66f1ebe,0,,weekly_survey,2022-11-01 12:59:14,1
5dbb0562b1df1b110ead5bba,0,,weekly_survey,2022-11-01 12:58:09,1
5ef1f9ccc7b7100b7d86feb9,0,,weekly_survey,2022-11-01 12:56:41,1
5891dd715c15e00001583fbc,1,,weekly_survey,2022-11-08 01:29:58,1
5d2fc33c3af1410018f872ae,1,,weekly_survey,2022-11-07 22:17:39,1
603d04228f5578000ba2c7b5,1,,weekly_survey,2022-11-07 21:22:38,1
60927707758ca118d00ac04b,1,,weekly_survey,2022-11-07 21:00:46,1
61031d599d3fc41f00e7e6c0,1,,weekly_survey,2022-11-07 20:04:24,1
5c52f9bce66e510001ee16c2,1,,weekly_survey,2022-11-07 19:31:10,1
6128bb91e53faf657695550c,1,,weekly_survey,2022-11-07 19:06:57,1
5dc93b9a575da16530499583,1,,weekly_survey,2022-11-07 18:48:36,1
5ecffbd8141ffb0a3ec0eb86,1,,weekly_survey,2022-11-07 18:39:23,1
6303c76ad8f0c525dbaa6563,1,,weekly_survey,2022-11-07 18:38:19,1
62d13eb8bb0d45e1ad36d312,1,,weekly_survey,2022-11-07 17:45:13,1
5d3d9749607ede001a0712df,1,,weekly_survey,2022-11-07 17:21:50,1
612cb8ab5ad60fc4504e073f,1,,weekly_survey,2022-11-07 16:40:06,1
5edaac6ad4bd47161c3d50ba,1,,weekly_survey,2022-11-07 16:36:25,1
5d2df58a481c4b001d16250d,1,,weekly_survey,2022-11-07 16:15:51,1
5d575f44182f9f001900a380,1,,weekly_survey,2022-11-07 16:07:41,1
5da179412996110016d853d5,1,,weekly_survey,2022-11-07 15:47:03,1
6149b27bd1d1f40ed535c2b4,1,,weekly_survey,2022-11-07 15:11:48,1
61321dc71434c8765dd3bf1c,1,,weekly_survey,2022-11-07 15:06:04,1
62a1d78571f418b5e6fc26fb,1,,weekly_survey,2022-11-07 14:58:14,1
5e291f8145cbca0ecbadd6a3,1,,weekly_survey,2022-11-07 14:53:50,1
6014c1b18c19b3524a3ef183,1,,weekly_survey,2022-11-07 14:39:14,1
5e19d095c5d2902507755956,1,,weekly_survey,2022-11-07 14:18:19,1
5fc93d0e16b69439e106238e,1,,weekly_survey,2022-11-07 13:47:04,1
634800fdb2e94793820316a0,1,,weekly_survey,2022-11-07 13:44:30,1
5f50e3d60305bb088998b766,1,,weekly_survey,2022-11-07 13:36:24,1
5689916dd3d6a7000aa1cbf0,1,,weekly_survey,2022-11-07 13:19:21,1
5cad1eef8ed53d00180d2532,1,,weekly_survey,2022-11-07 13:03:57,1
61474f07f4cfbc50cb3b2f1e,1,,weekly_survey,2022-11-07 12:19:27,1
5ce7f7ae2aa9590016af2ba7,1,,weekly_survey,2022-11-07 12:19:09,1
5f0f2ff0762218000970c967,1,,weekly_survey,2022-11-07 12:18:32,1
60edb4bc87206e9977d8d57e,1,,weekly_survey,2022-11-07 12:17:58,1
5f00396a739ed5000c224c26,1,,weekly_survey,2022-11-07 12:16:59,1
5995889da2bbe000018833d9,1,,weekly_survey,2022-11-07 12:10:43,1
5f34625f68dec936969152b0,1,,weekly_survey,2022-11-07 12:10:04,1
5bb0cc738f3bd70001e513e3,1,,weekly_survey,2022-11-07 11:56:53,1
5e1781093582cc082a68723c,1,,weekly_survey,2022-11-07 11:54:25,1
5dccf99db9d9049777368b3b,1,,weekly_survey,2022-11-07 11:54:15,1
5fb13129b04a8557d629bb16,1,,weekly_survey,2022-11-07 11:50:56,1
611ffc2ea28e21fa33671d4c,1,,weekly_survey,2022-11-07 11:47:16,1
5e9c5460d2c58515ec1702be,1,,weekly_survey,2022-11-07 11:45:41,1
62fb79a36ba83fbcd9b713c6,1,,weekly_survey,2022-11-07 11:43:28,1
5a6107bb31b87a0001c6c49b,1,,weekly_survey,2022-11-07 11:39:28,1
5efc4bfd3ba857044cac4787,1,,weekly_survey,2022-11-07 11:32:25,1
60ec9212ee17ee6d4945f7de,1,,weekly_survey,2022-11-07 11:30:08,1
6307cc2da13d39254c1f139c,1,,weekly_survey,2022-11-07 11:27:10,1
6078649b9de64f21e3fee45d,1,,weekly_survey,2022-11-07 11:25:03,1
5e204990b062543612e9a254,1,,weekly_survey,2022-11-07 11:19:44,1
5eff6065cc8d32014292657f,1,,weekly_survey,2022-11-07 11:19:06,1
629f9d0e292a1846040223b7,1,,weekly_survey,2022-11-07 11:18:29,1
61470066dce66ce341df39c1,1,,weekly_survey,2022-11-10 17:27:57,1
5fc0ddfbcfc57d00094c4b3d,1,,weekly_survey,2022-11-10 16:16:55,1
615f352d323edd8ef58fedbd,1,,weekly_survey,2022-11-08 19:07:16,1
5f69a3c91c1e25193e3f9c7b,1,,weekly_survey,2022-11-08 10:34:50,1
5d651053afb8f700198459d4,1,,weekly_survey,2022-11-08 00:05:55,1
5e41630f6391e10286e2bddf,1,,weekly_survey,2022-11-07 20:18:01,1
5b7f17a7338a93000155a36d,1,,weekly_survey,2022-11-07 19:29:16,1
62796c419a79d1923fd947e2,1,,weekly_survey,2022-11-07 19:17:02,1
5c158ec0c6b01c0001bcfa72,1,,weekly_survey,2022-11-07 19:11:41,1
6173a7aa2d3f11e56d9f96f2,1,,weekly_survey,2022-11-07 18:53:51,1
617097e90d0505595ce66612,1,,weekly_survey,2022-11-07 18:14:28,1
5bbbcd283895e3000163213f,1,,weekly_survey,2022-11-07 16:53:24,1
611cecb5dbc0658aad64bf2d,1,,weekly_survey,2022-11-07 16:46:25,1
627414b935ba5506bee347d2,1,,weekly_survey,2022-11-07 16:33:54,1
5f81cf89624ff22aadd9c9a7,1,,weekly_survey,2022-11-07 16:05:51,1
5baa81380d7ad600017a85de,1,,weekly_survey,2022-11-07 15:36:16,1
60c20abfdccab926283d8f7f,1,,weekly_survey,2022-11-07 14:54:29,1
603ce90d158dc4ae761a15fa,1,,weekly_survey,2022-11-07 14:24:14,1
62ebd08bd6729790ced8587f,1,,weekly_survey,2022-11-07 14:13:37,1
5dbb0562b1df1b110ead5bba,1,,weekly_survey,2022-11-07 14:13:32,1
5f493fea06249046a8db8569,1,,weekly_survey,2022-11-07 14:12:48,1
5c4b987538878c0001c7883b,1,,weekly_survey,2022-11-07 14:04:45,1
5efb98c3d5919f121a986486,1,,weekly_survey,2022-11-07 13:58:57,1
57fbd79de7e73400019ca256,1,,weekly_survey,2022-11-07 13:55:12,1
5cc36fcedc68980014f27704,1,,weekly_survey,2022-11-07 13:50:03,1
5ed68c770e41400dd0056c55,1,,weekly_survey,2022-11-07 13:29:56,1
5c37223ebef9a20001e38dad,1,,weekly_survey,2022-11-07 13:24:29,1
628f73adc5b81a118dfb1a06,1,,weekly_survey,2022-11-07 13:09:30,1
5f7e180204eed80b515a3569,1,,weekly_survey,2022-11-07 13:08:04,1
601732b73bdebe96ac49d4eb,1,,weekly_survey,2022-11-07 12:53:26,1
5caa61abcb4af3001640e877,1,,weekly_survey,2022-11-07 12:49:58,1
5fe3740d2738affd7cad1bc0,1,,weekly_survey,2022-11-07 12:44:56,1
5b2accc228c8850001e7f85b,1,,weekly_survey,2022-11-07 12:31:18,1
63468948a737d638cacf18bb,1,,weekly_survey,2022-11-07 12:29:45,1
5b6cd747a1fda800015ff9ba,1,,weekly_survey,2022-11-07 12:26:39,1
5d9261e776e8dd00195f28f2,1,,weekly_survey,2022-11-07 12:26:05,1
5cf510ccb0bafb00161ffd56,1,,weekly_survey,2022-11-07 12:14:46,1
5e1cf0eb65b6d3071f489de9,1,,weekly_survey,2022-11-07 12:03:51,1
634d73a0b235813241e9532a,1,,weekly_survey,2022-11-07 12:02:15,1
62a71ce6a09aa213bd5c3de9,1,,weekly_survey,2022-11-07 11:59:14,1
5c17c149f596b100011ca8b8,1,,weekly_survey,2022-11-07 11:54:34,1
61011dd1dccad8267930b9bd,1,,weekly_survey,2022-11-07 11:46:18,1
5f3e788210bda10837e37fca,1,,weekly_survey,2022-11-07 11:43:52,1
61673b692a55fba0f6b8abf1,1,,weekly_survey,2022-11-07 11:38:00,1
60ddcc052137212419247c3c,1,,weekly_survey,2022-11-07 11:33:34,1
62ce97db1fa788670dea28c2,1,,weekly_survey,2022-11-07 11:32:34,1
60dfa262b225a8e45b6d4421,1,,weekly_survey,2022-11-07 11:30:36,1
60da18693053b2c1d420085f,1,,weekly_survey,2022-11-07 11:21:28,1
5f28431d82be890d2f58a32d,1,,weekly_survey,2022-11-07 11:17:21,1
611cf78346c5e728a66f1ebe,1,,weekly_survey,2022-11-07 11:17:07,1
5ecffbd8141ffb0a3ec0eb86,2,,weekly_survey,2022-11-19 19:00:19,1
5fb13129b04a8557d629bb16,2,,weekly_survey,2022-11-16 19:55:46,1
5d575f44182f9f001900a380,2,,weekly_survey,2022-11-15 17:44:00,1
61474f07f4cfbc50cb3b2f1e,2,,weekly_survey,2022-11-15 17:24:24,1
5d2fc33c3af1410018f872ae,2,,weekly_survey,2022-11-15 14:30:51,1
6303c76ad8f0c525dbaa6563,2,,weekly_survey,2022-11-15 06:32:57,1
6014c1b18c19b3524a3ef183,2,,weekly_survey,2022-11-14 22:03:28,1
60927707758ca118d00ac04b,2,,weekly_survey,2022-11-14 21:40:36,1
5d2df58a481c4b001d16250d,2,,weekly_survey,2022-11-14 19:35:27,1
5e1781093582cc082a68723c,2,,weekly_survey,2022-11-14 19:31:18,1
61031d599d3fc41f00e7e6c0,2,,weekly_survey,2022-11-14 18:35:19,1
612cb8ab5ad60fc4504e073f,2,,weekly_survey,2022-11-14 16:35:39,1
5da179412996110016d853d5,2,,weekly_survey,2022-11-14 16:18:49,1
5891dd715c15e00001583fbc,2,,weekly_survey,2022-11-14 16:17:03,1
5e19d095c5d2902507755956,2,,weekly_survey,2022-11-14 16:02:38,1
5dc93b9a575da16530499583,2,,weekly_survey,2022-11-14 15:48:14,1
6078649b9de64f21e3fee45d,2,,weekly_survey,2022-11-14 15:42:47,1
634800fdb2e94793820316a0,2,,weekly_survey,2022-11-14 15:28:37,1
62fb79a36ba83fbcd9b713c6,2,,weekly_survey,2022-11-14 15:24:51,1
6128bb91e53faf657695550c,2,,weekly_survey,2022-11-14 15:21:50,1
603d04228f5578000ba2c7b5,2,,weekly_survey,2022-11-14 15:12:32,1
5fc93d0e16b69439e106238e,2,,weekly_survey,2022-11-14 14:43:54,1
5cad1eef8ed53d00180d2532,2,,weekly_survey,2022-11-14 14:43:13,1
60edb4bc87206e9977d8d57e,2,,weekly_survey,2022-11-14 14:35:12,1
5a6107bb31b87a0001c6c49b,2,,weekly_survey,2022-11-14 14:34:04,1
5f34625f68dec936969152b0,2,,weekly_survey,2022-11-14 13:56:37,1
61321dc71434c8765dd3bf1c,2,,weekly_survey,2022-11-14 13:19:31,1
5f00396a739ed5000c224c26,2,,weekly_survey,2022-11-14 13:14:02,1
5bb0cc738f3bd70001e513e3,2,,weekly_survey,2022-11-14 13:13:52,1
5edaac6ad4bd47161c3d50ba,2,,weekly_survey,2022-11-14 13:11:28,1
60ec9212ee17ee6d4945f7de,2,,weekly_survey,2022-11-14 13:04:57,1
5e9c5460d2c58515ec1702be,2,,weekly_survey,2022-11-14 13:02:02,1
5eff6065cc8d32014292657f,2,,weekly_survey,2022-11-14 12:49:20,1
62a1d78571f418b5e6fc26fb,2,,weekly_survey,2022-11-14 12:48:24,1
6307cc2da13d39254c1f139c,2,,weekly_survey,2022-11-14 12:46:20,1
5efc4bfd3ba857044cac4787,2,,weekly_survey,2022-11-14 12:45:58,1
6149b27bd1d1f40ed535c2b4,2,,weekly_survey,2022-11-14 12:38:51,1
5d3d9749607ede001a0712df,2,,weekly_survey,2022-11-14 12:38:03,1
5f0f2ff0762218000970c967,2,,weekly_survey,2022-11-14 12:36:09,1
5689916dd3d6a7000aa1cbf0,2,,weekly_survey,2022-11-14 12:35:28,1
611ffc2ea28e21fa33671d4c,2,,weekly_survey,2022-11-14 12:30:29,1
62d13eb8bb0d45e1ad36d312,2,,weekly_survey,2022-11-14 12:29:11,1
5ce7f7ae2aa9590016af2ba7,2,,weekly_survey,2022-11-14 12:22:34,1
5f50e3d60305bb088998b766,2,,weekly_survey,2022-11-14 12:22:11,1
5c52f9bce66e510001ee16c2,2,,weekly_survey,2022-11-14 12:20:25,1
629f9d0e292a1846040223b7,2,,weekly_survey,2022-11-14 12:18:53,1
5995889da2bbe000018833d9,2,,weekly_survey,2022-11-14 12:08:45,1
5e204990b062543612e9a254,2,,weekly_survey,2022-11-14 12:08:15,1
5e291f8145cbca0ecbadd6a3,2,,weekly_survey,2022-11-14 12:08:05,1
5dccf99db9d9049777368b3b,2,,weekly_survey,2022-11-14 12:06:46,1
5f69a3c91c1e25193e3f9c7b,2,,weekly_survey,2022-11-20 23:50:54,1
61470066dce66ce341df39c1,2,,weekly_survey,2022-11-19 10:20:26,1
58ebfc286d5fe6000166b9ff,2,,weekly_survey,2022-11-16 23:30:03,1
61673b692a55fba0f6b8abf1,2,,weekly_survey,2022-11-16 06:34:08,1
60dfa262b225a8e45b6d4421,2,,weekly_survey,2022-11-15 11:59:08,1
63468948a737d638cacf18bb,2,,weekly_survey,2022-11-15 10:42:55,1
5bbbcd283895e3000163213f,2,,weekly_survey,2022-11-15 10:12:28,1
615f352d323edd8ef58fedbd,2,,weekly_survey,2022-11-14 22:58:36,1
5b7f17a7338a93000155a36d,2,,weekly_survey,2022-11-14 22:49:27,1
5c158ec0c6b01c0001bcfa72,2,,weekly_survey,2022-11-14 21:08:26,1
60da18693053b2c1d420085f,2,,weekly_survey,2022-11-14 20:06:56,1
5f28431d82be890d2f58a32d,2,,weekly_survey,2022-11-14 19:09:02,1
628f73adc5b81a118dfb1a06,2,,weekly_survey,2022-11-14 18:58:43,1
6173a7aa2d3f11e56d9f96f2,2,,weekly_survey,2022-11-14 18:43:52,1
5ed68c770e41400dd0056c55,2,,weekly_survey,2022-11-14 18:04:10,1
5caa61abcb4af3001640e877,2,,weekly_survey,2022-11-14 17:59:06,1
603ce90d158dc4ae761a15fa,2,,weekly_survey,2022-11-14 17:10:31,1
5c4b987538878c0001c7883b,2,,weekly_survey,2022-11-14 17:06:04,1
62796c419a79d1923fd947e2,2,,weekly_survey,2022-11-14 16:48:37,1
627414b935ba5506bee347d2,2,,weekly_survey,2022-11-14 16:45:47,1
601732b73bdebe96ac49d4eb,2,,weekly_survey,2022-11-14 16:34:16,1
611cf78346c5e728a66f1ebe,2,,weekly_survey,2022-11-14 16:13:05,1
5b2accc228c8850001e7f85b,2,,weekly_survey,2022-11-14 16:03:13,1
5fe3740d2738affd7cad1bc0,2,,weekly_survey,2022-11-14 15:42:58,1
5f3e788210bda10837e37fca,2,,weekly_survey,2022-11-14 15:39:07,1
5c37223ebef9a20001e38dad,2,,weekly_survey,2022-11-14 15:39:58,1
5f7e180204eed80b515a3569,2,,weekly_survey,2022-11-14 15:24:27,1
5f493fea06249046a8db8569,2,,weekly_survey,2022-11-14 15:05:42,1
60c20abfdccab926283d8f7f,2,,weekly_survey,2022-11-14 14:59:44,1
5cc36fcedc68980014f27704,2,,weekly_survey,2022-11-14 15:03:26,1
57fbd79de7e73400019ca256,2,,weekly_survey,2022-11-14 14:39:26,1
617097e90d0505595ce66612,2,,weekly_survey,2022-11-14 14:04:30,1
5baa81380d7ad600017a85de,2,,weekly_survey,2022-11-14 14:12:38,1
5efb98c3d5919f121a986486,2,,weekly_survey,2022-11-14 13:50:03,1
611cecb5dbc0658aad64bf2d,2,,weekly_survey,2022-11-14 13:29:01,1
5cf510ccb0bafb00161ffd56,2,,weekly_survey,2022-11-14 13:24:53,1
5f81cf89624ff22aadd9c9a7,2,,weekly_survey,2022-11-14 13:12:51,1
5d651053afb8f700198459d4,2,,weekly_survey,2022-11-14 13:10:10,1
5d9261e776e8dd00195f28f2,2,,weekly_survey,2022-11-14 13:06:29,1
5fc0ddfbcfc57d00094c4b3d,2,,weekly_survey,2022-11-14 12:49:11,1
634d73a0b235813241e9532a,2,,weekly_survey,2022-11-14 12:45:36,1
62ce97db1fa788670dea28c2,2,,weekly_survey,2022-11-14 12:38:50,1
5e1cf0eb65b6d3071f489de9,2,,weekly_survey,2022-11-14 12:41:04,1
62a71ce6a09aa213bd5c3de9,2,,weekly_survey,2022-11-14 12:20:15,1
5e41630f6391e10286e2bddf,2,,weekly_survey,2022-11-14 12:19:06,1
5b6cd747a1fda800015ff9ba,2,,weekly_survey,2022-11-14 12:16:19,1
61011dd1dccad8267930b9bd,2,,weekly_survey,2022-11-14 12:12:17,1
5c17c149f596b100011ca8b8,2,,weekly_survey,2022-11-14 12:15:05,1
5dbb0562b1df1b110ead5bba,2,,weekly_survey,2022-11-14 12:09:29,1
60ddcc052137212419247c3c,2,,weekly_survey,2022-11-14 12:08:40,1
62ebd08bd6729790ced8587f,2,,weekly_survey,2022-11-14 12:07:49,1
5ecffbd8141ffb0a3ec0eb86,3,,weekly_survey,2022-11-27 16:36:48,1
62fb79a36ba83fbcd9b713c6,3,,weekly_survey,2022-11-26 16:25:11,1
61474f07f4cfbc50cb3b2f1e,3,,weekly_survey,2022-11-26 11:03:53,1
5d2df58a481c4b001d16250d,3,,weekly_survey,2022-11-25 19:34:26,1
61031d599d3fc41f00e7e6c0,3,,weekly_survey,2022-11-23 22:00:06,1
5fb13129b04a8557d629bb16,3,,weekly_survey,2022-11-23 19:02:23,1
634800fdb2e94793820316a0,3,,weekly_survey,2022-11-22 18:19:10,1
612cb8ab5ad60fc4504e073f,3,,weekly_survey,2022-11-22 11:01:40,1
5e1781093582cc082a68723c,3,,weekly_survey,2022-11-21 19:33:44,1
611ffc2ea28e21fa33671d4c,3,,weekly_survey,2022-11-21 18:51:24,1
5f0f2ff0762218000970c967,3,,weekly_survey,2022-11-21 18:19:05,1
6149b27bd1d1f40ed535c2b4,3,,weekly_survey,2022-11-21 17:55:14,1
5fc93d0e16b69439e106238e,3,,weekly_survey,2022-11-21 17:45:49,1
5f34625f68dec936969152b0,3,,weekly_survey,2022-11-21 17:45:27,1
6078649b9de64f21e3fee45d,3,,weekly_survey,2022-11-21 17:13:57,1
61321dc71434c8765dd3bf1c,3,,weekly_survey,2022-11-21 15:50:11,1
5eff6065cc8d32014292657f,3,,weekly_survey,2022-11-21 14:33:17,1
6014c1b18c19b3524a3ef183,3,,weekly_survey,2022-11-21 14:27:04,1
5e9c5460d2c58515ec1702be,3,,weekly_survey,2022-11-21 14:07:34,1
6303c76ad8f0c525dbaa6563,3,,weekly_survey,2022-11-21 14:04:47,1
5cad1eef8ed53d00180d2532,3,,weekly_survey,2022-11-21 13:54:51,1
60927707758ca118d00ac04b,3,,weekly_survey,2022-11-21 13:54:39,1
603d04228f5578000ba2c7b5,3,,weekly_survey,2022-11-21 13:52:12,1
5891dd715c15e00001583fbc,3,,weekly_survey,2022-11-21 13:49:53,1
5c52f9bce66e510001ee16c2,3,,weekly_survey,2022-11-21 13:28:39,1
6307cc2da13d39254c1f139c,3,,weekly_survey,2022-11-21 13:24:25,1
5e291f8145cbca0ecbadd6a3,3,,weekly_survey,2022-11-21 13:08:19,1
5dc93b9a575da16530499583,3,,weekly_survey,2022-11-21 12:57:43,1
5d575f44182f9f001900a380,3,,weekly_survey,2022-11-21 12:56:52,1
60edb4bc87206e9977d8d57e,3,,weekly_survey,2022-11-21 12:52:56,1
5f00396a739ed5000c224c26,3,,weekly_survey,2022-11-21 12:45:05,1
5d2fc33c3af1410018f872ae,3,,weekly_survey,2022-11-21 12:43:42,1
5e19d095c5d2902507755956,3,,weekly_survey,2022-11-21 12:41:15,1
5efc4bfd3ba857044cac4787,3,,weekly_survey,2022-11-21 12:39:02,1
5995889da2bbe000018833d9,3,,weekly_survey,2022-11-21 12:37:20,1
5da179412996110016d853d5,3,,weekly_survey,2022-11-21 12:33:42,1
6128bb91e53faf657695550c,3,,weekly_survey,2022-11-21 12:26:30,1
5edaac6ad4bd47161c3d50ba,3,,weekly_survey,2022-11-21 12:25:28,1
62d13eb8bb0d45e1ad36d312,3,,weekly_survey,2022-11-21 12:24:43,1
5bb0cc738f3bd70001e513e3,3,,weekly_survey,2022-11-21 12:21:33,1
629f9d0e292a1846040223b7,3,,weekly_survey,2022-11-21 12:17:19,1
5d3d9749607ede001a0712df,3,,weekly_survey,2022-11-21 12:14:54,1
5f50e3d60305bb088998b766,3,,weekly_survey,2022-11-21 12:10:17,1
5689916dd3d6a7000aa1cbf0,3,,weekly_survey,2022-11-21 12:00:37,1
5a6107bb31b87a0001c6c49b,3,,weekly_survey,2022-11-21 11:59:57,1
60ec9212ee17ee6d4945f7de,3,,weekly_survey,2022-11-21 11:45:48,1
5e204990b062543612e9a254,3,,weekly_survey,2022-11-21 11:39:26,1
62a1d78571f418b5e6fc26fb,3,,weekly_survey,2022-11-21 11:38:08,1
5ce7f7ae2aa9590016af2ba7,3,,weekly_survey,2022-11-21 11:37:03,1
5dccf99db9d9049777368b3b,3,,weekly_survey,2022-11-21 11:35:51,1
61470066dce66ce341df39c1,3,,weekly_survey,2022-11-27 15:52:51,1
5baa81380d7ad600017a85de,3,,weekly_survey,2022-11-24 12:20:59,1
615f352d323edd8ef58fedbd,3,,weekly_survey,2022-11-23 21:13:12,1
5c158ec0c6b01c0001bcfa72,3,,weekly_survey,2022-11-22 20:30:56,1
5fc0ddfbcfc57d00094c4b3d,3,,weekly_survey,2022-11-22 16:42:20,1
63468948a737d638cacf18bb,3,,weekly_survey,2022-11-22 14:49:12,1
5f493fea06249046a8db8569,3,,weekly_survey,2022-11-22 13:12:28,1
6173a7aa2d3f11e56d9f96f2,3,,weekly_survey,2022-11-22 11:01:47,1
61673b692a55fba0f6b8abf1,3,,weekly_survey,2022-11-22 08:48:21,1
5b7f17a7338a93000155a36d,3,,weekly_survey,2022-11-21 21:16:08,1
60da18693053b2c1d420085f,3,,weekly_survey,2022-11-21 21:04:01,1
62796c419a79d1923fd947e2,3,,weekly_survey,2022-11-21 20:25:38,1
611cecb5dbc0658aad64bf2d,3,,weekly_survey,2022-11-21 20:15:33,1
603ce90d158dc4ae761a15fa,3,,weekly_survey,2022-11-21 19:59:22,1
5e1cf0eb65b6d3071f489de9,3,,weekly_survey,2022-11-21 19:35:09,1
60dfa262b225a8e45b6d4421,3,,weekly_survey,2022-11-21 18:50:28,1
58ebfc286d5fe6000166b9ff,3,,weekly_survey,2022-11-21 18:44:14,1
5cc36fcedc68980014f27704,3,,weekly_survey,2022-11-21 18:43:53,1
5fe3740d2738affd7cad1bc0,3,,weekly_survey,2022-11-21 17:30:10,1
57fbd79de7e73400019ca256,3,,weekly_survey,2022-11-21 17:14:01,1
5f81cf89624ff22aadd9c9a7,3,,weekly_survey,2022-11-21 16:49:51,1
5f3e788210bda10837e37fca,3,,weekly_survey,2022-11-21 16:15:58,1
627414b935ba5506bee347d2,3,,weekly_survey,2022-11-21 16:11:16,1
60c20abfdccab926283d8f7f,3,,weekly_survey,2022-11-21 15:00:09,1
5c37223ebef9a20001e38dad,3,,weekly_survey,2022-11-21 14:54:07,1
5ed68c770e41400dd0056c55,3,,weekly_survey,2022-11-21 14:24:52,1
5c4b987538878c0001c7883b,3,,weekly_survey,2022-11-21 14:01:08,1
601732b73bdebe96ac49d4eb,3,,weekly_survey,2022-11-21 13:54:25,1
5f7e180204eed80b515a3569,3,,weekly_survey,2022-11-21 13:52:04,1
628f73adc5b81a118dfb1a06,3,,weekly_survey,2022-11-21 13:30:19,1
5efb98c3d5919f121a986486,3,,weekly_survey,2022-11-21 13:29:02,1
5b2accc228c8850001e7f85b,3,,weekly_survey,2022-11-21 12:59:18,1
5b6cd747a1fda800015ff9ba,3,,weekly_survey,2022-11-21 12:52:53,1
5caa61abcb4af3001640e877,3,,weekly_survey,2022-11-21 12:50:38,1
61011dd1dccad8267930b9bd,3,,weekly_survey,2022-11-21 12:49:24,1
5d651053afb8f700198459d4,3,,weekly_survey,2022-11-21 12:40:47,1
60ddcc052137212419247c3c,3,,weekly_survey,2022-11-21 12:26:08,1
611cf78346c5e728a66f1ebe,3,,weekly_survey,2022-11-21 12:15:45,1
617097e90d0505595ce66612,3,,weekly_survey,2022-11-21 12:13:16,1
62ebd08bd6729790ced8587f,3,,weekly_survey,2022-11-21 12:09:09,1
5c17c149f596b100011ca8b8,3,,weekly_survey,2022-11-21 12:04:04,1
5cf510ccb0bafb00161ffd56,3,,weekly_survey,2022-11-21 11:56:57,1
5bbbcd283895e3000163213f,3,,weekly_survey,2022-11-21 11:52:51,1
5f28431d82be890d2f58a32d,3,,weekly_survey,2022-11-21 11:50:32,1
5e41630f6391e10286e2bddf,3,,weekly_survey,2022-11-21 11:45:46,1
62a71ce6a09aa213bd5c3de9,3,,weekly_survey,2022-11-21 11:41:40,1
5dbb0562b1df1b110ead5bba,3,,weekly_survey,2022-11-21 11:40:49,1
634d73a0b235813241e9532a,3,,weekly_survey,2022-11-21 11:39:56,1
5d9261e776e8dd00195f28f2,3,,weekly_survey,2022-11-21 11:37:48,1
62ce97db1fa788670dea28c2,3,,weekly_survey,2022-11-21 11:37:35,1
61474f07f4cfbc50cb3b2f1e,4,,weekly_survey,2022-12-03 14:34:54,1
61031d599d3fc41f00e7e6c0,4,,weekly_survey,2022-11-30 18:57:19,1
60927707758ca118d00ac04b,4,,weekly_survey,2022-11-30 13:36:13,1
612cb8ab5ad60fc4504e073f,4,,weekly_survey,2022-11-30 10:26:37,1
62d13eb8bb0d45e1ad36d312,4,,weekly_survey,2022-11-30 09:09:07,1
603d04228f5578000ba2c7b5,4,,weekly_survey,2022-11-29 14:10:34,1
 60ec9212ee17ee6d4945f7de,4,,weekly_survey,2022-11-29 14:10:25,1
6078649b9de64f21e3fee45d,4,,weekly_survey,2022-11-29 13:50:46,1
5c52f9bce66e510001ee16c2,4,,weekly_survey,2022-11-29 11:51:28,1
634800fdb2e94793820316a0,4,,weekly_survey,2022-11-29 11:00:01,1
5dc93b9a575da16530499583,4,,weekly_survey,2022-11-29 10:07:36,1
5d2df58a481c4b001d16250d,4,,weekly_survey,2022-11-29 01:33:07,1
5d3d9749607ede001a0712df,4,,weekly_survey,2022-11-28 23:29:08,1
5f0f2ff0762218000970c967,4,,weekly_survey,2022-11-28 22:38:48,1
5e9c5460d2c58515ec1702be,4,,weekly_survey,2022-11-28 22:14:29,1
5fc93d0e16b69439e106238e,4,,weekly_survey,2022-11-28 22:09:50,1
5d2fc33c3af1410018f872ae,4,,weekly_survey,2022-11-28 21:36:00,1
5f34625f68dec936969152b0,4,,weekly_survey,2022-11-28 21:20:36,1
5bb0cc738f3bd70001e513e3,4,,weekly_survey,2022-11-28 19:47:11,1
611ffc2ea28e21fa33671d4c,4,,weekly_survey,2022-11-28 19:37:20,1
5da179412996110016d853d5,4,,weekly_survey,2022-11-28 19:08:44,1
5fb13129b04a8557d629bb16,4,,weekly_survey,2022-11-28 18:46:02,1
5e19d095c5d2902507755956,4,,weekly_survey,2022-11-28 18:25:57,1
60edb4bc87206e9977d8d57e,4,,weekly_survey,2022-11-28 18:15:18,1
6307cc2da13d39254c1f139c,4,,weekly_survey,2022-11-28 18:12:28,1
5eff6065cc8d32014292657f,4,,weekly_survey,2022-11-28 17:54:08,1
5e1781093582cc082a68723c,4,,weekly_survey,2022-11-28 17:46:23,1
6149b27bd1d1f40ed535c2b4,4,,weekly_survey,2022-11-28 17:28:31,1
629f9d0e292a1846040223b7,4,,weekly_survey,2022-11-28 16:45:29,1
5a6107bb31b87a0001c6c49b,4,,weekly_survey,2022-11-28 16:41:18,1
5995889da2bbe000018833d9,4,,weekly_survey,2022-11-28 16:23:18,1
5e291f8145cbca0ecbadd6a3,4,,weekly_survey,2022-11-28 16:05:01,1
5ce7f7ae2aa9590016af2ba7,4,,weekly_survey,2022-11-28 16:02:33,1
6014c1b18c19b3524a3ef183,4,,weekly_survey,2022-11-28 15:49:32,1
5689916dd3d6a7000aa1cbf0,4,,weekly_survey,2022-11-28 15:28:53,1
5d575f44182f9f001900a380,4,,weekly_survey,2022-11-28 15:28:34,1
5cad1eef8ed53d00180d2532,4,,weekly_survey,2022-11-28 15:26:11,1
5efc4bfd3ba857044cac4787,4,,weekly_survey,2022-11-28 14:55:13,1
61321dc71434c8765dd3bf1c,4,,weekly_survey,2022-11-28 14:42:31,1
62fb79a36ba83fbcd9b713c6,4,,weekly_survey,2022-11-28 14:33:10,1
5891dd715c15e00001583fbc,4,,weekly_survey,2022-11-28 14:30:25,1
62a1d78571f418b5e6fc26fb,4,,weekly_survey,2022-11-28 14:29:08,1
5e204990b062543612e9a254,4,,weekly_survey,2022-11-28 14:28:16,1
5f00396a739ed5000c224c26,4,,weekly_survey,2022-11-28 14:26:13,1
5dccf99db9d9049777368b3b,4,,weekly_survey,2022-11-28 14:25:14,1
5f50e3d60305bb088998b766,4,,weekly_survey,2022-11-28 14:24:08,1
60dfa262b225a8e45b6d4421,4,,weekly_survey,2022-12-04 01:42:38,1
61011dd1dccad8267930b9bd,4,,weekly_survey,2022-12-02 09:45:38,1
60da18693053b2c1d420085f,4,,weekly_survey,2022-11-30 19:03:06,1
 5cc36fcedc68980014f27704,4,,weekly_survey,2022-11-30 15:03:16,1
5f28431d82be890d2f58a32d,4,,weekly_survey,2022-11-30 14:55:14,1
628f73adc5b81a118dfb1a06,4,,weekly_survey,2022-11-30 13:47:19,1
 5c37223ebef9a20001e38dad,4,,weekly_survey,2022-11-30 10:52:20,1
5c17c149f596b100011ca8b8,4,,weekly_survey,2022-11-29 23:07:17,1
5f3e788210bda10837e37fca,4,,weekly_survey,2022-11-29 22:09:54,1
615f352d323edd8ef58fedbd,4,,weekly_survey,2022-11-29 18:54:13,1
5d651053afb8f700198459d4,4,,weekly_survey,2022-11-29 17:57:44,1
5e1cf0eb65b6d3071f489de9,4,,weekly_survey,2022-11-29 11:45:30,1
611cf78346c5e728a66f1ebe,4,,weekly_survey,2022-11-29 08:47:38,1
5baa81380d7ad600017a85de,4,,weekly_survey,2022-11-29 07:08:09,1
5b7f17a7338a93000155a36d,4,,weekly_survey,2022-11-29 00:59:44,1
601732b73bdebe96ac49d4eb,4,,weekly_survey,2022-11-28 22:30:28,1
58ebfc286d5fe6000166b9ff,4,,weekly_survey,2022-11-28 22:17:58,1
5f81cf89624ff22aadd9c9a7,4,,weekly_survey,2022-11-28 22:13:06,1
627414b935ba5506bee347d2,4,,weekly_survey,2022-11-28 21:34:42,1
57fbd79de7e73400019ca256,4,,weekly_survey,2022-11-28 21:34:17,1
5f7e180204eed80b515a3569,4,,weekly_survey,2022-11-28 21:16:43,1
62796c419a79d1923fd947e2,4,,weekly_survey,2022-11-28 20:19:27,1
5b6cd747a1fda800015ff9ba,4,,weekly_survey,2022-11-28 19:33:26,1
611cecb5dbc0658aad64bf2d,4,,weekly_survey,2022-11-28 19:31:36,1
5b2accc228c8850001e7f85b,4,,weekly_survey,2022-11-28 19:13:06,1
617097e90d0505595ce66612,4,,weekly_survey,2022-11-28 18:21:17,1
5caa61abcb4af3001640e877,4,,weekly_survey,2022-11-28 17:56:57,1
5fe3740d2738affd7cad1bc0,4,,weekly_survey,2022-11-28 17:47:57,1
62ebd08bd6729790ced8587f,4,,weekly_survey,2022-11-28 17:43:46,1
61470066dce66ce341df39c1,4,,weekly_survey,2022-11-28 17:33:25,1
63468948a737d638cacf18bb,4,,weekly_survey,2022-11-28 17:32:45,1
6173a7aa2d3f11e56d9f96f2,4,,weekly_survey,2022-11-28 17:27:32,1
5ed68c770e41400dd0056c55,4,,weekly_survey,2022-11-28 17:24:24,1
603ce90d158dc4ae761a15fa,4,,weekly_survey,2022-11-28 17:05:09,1
5c4b987538878c0001c7883b,4,,weekly_survey,2022-11-28 15:46:22,1
5f493fea06249046a8db8569,4,,weekly_survey,2022-11-28 15:43:25,1
5dbb0562b1df1b110ead5bba,4,,weekly_survey,2022-11-28 15:17:51,1
5bbbcd283895e3000163213f,4,,weekly_survey,2022-11-28 15:11:23,1
5fc0ddfbcfc57d00094c4b3d,4,,weekly_survey,2022-11-28 15:07:29,1
60ddcc052137212419247c3c,4,,weekly_survey,2022-11-28 15:02:36,1
60c20abfdccab926283d8f7f,4,,weekly_survey,2022-11-28 14:59:35,1
62ce97db1fa788670dea28c2,4,,weekly_survey,2022-11-28 14:56:38,1
5c158ec0c6b01c0001bcfa72,4,,weekly_survey,2022-11-28 14:49:13,1
5e41630f6391e10286e2bddf,4,,weekly_survey,2022-11-28 14:41:03,1
634d73a0b235813241e9532a,4,,weekly_survey,2022-11-28 14:35:35,1
62a71ce6a09aa213bd5c3de9,4,,weekly_survey,2022-11-28 14:31:13,1
5d9261e776e8dd00195f28f2,4,,weekly_survey,2022-11-28 14:30:19,1
5efb98c3d5919f121a986486,4,,weekly_survey,2022-11-28 14:30:15,1
5cf510ccb0bafb00161ffd56,4,,weekly_survey,2022-11-28 14:26:29,1
5f34625f68dec936969152b0,6,,weekly_survey,2022-12-17 17:52:42,1
612cb8ab5ad60fc4504e073f,6,,weekly_survey,2022-12-16 07:50:33,1
5d575f44182f9f001900a380,6,,weekly_survey,2022-12-14 23:36:32,1
5d2fc33c3af1410018f872ae,6,,weekly_survey,2022-12-14 21:13:27,1
5fb13129b04a8557d629bb16,6,,weekly_survey,2022-12-14 14:00:40,1
5891dd715c15e00001583fbc,6,,weekly_survey,2022-12-13 15:20:43,1
61474f07f4cfbc50cb3b2f1e,6,,weekly_survey,2022-12-13 12:27:45,1
5da179412996110016d853d5,6,,weekly_survey,2022-12-13 10:39:33,1
5d3d9749607ede001a0712df,6,,weekly_survey,2022-12-12 23:34:30,1
61031d599d3fc41f00e7e6c0,6,,weekly_survey,2022-12-12 22:02:03,1
5c52f9bce66e510001ee16c2,6,,weekly_survey,2022-12-12 20:34:35,1
5eff6065cc8d32014292657f,6,,weekly_survey,2022-12-12 19:34:30,1
5f50e3d60305bb088998b766,6,,weekly_survey,2022-12-12 18:48:47,1
5cad1eef8ed53d00180d2532,6,,weekly_survey,2022-12-12 18:14:11,1
62d13eb8bb0d45e1ad36d312,6,,weekly_survey,2022-12-12 18:04:45,1
5f0f2ff0762218000970c967,6,,weekly_survey,2022-12-12 18:00:50,1
6014c1b18c19b3524a3ef183,6,,weekly_survey,2022-12-12 15:46:35,1
5e291f8145cbca0ecbadd6a3,6,,weekly_survey,2022-12-12 15:30:48,1
6128bb91e53faf657695550c,6,,weekly_survey,2022-12-12 14:55:28,1
5fc93d0e16b69439e106238e,6,,weekly_survey,2022-12-12 14:52:03,1
5995889da2bbe000018833d9,6,,weekly_survey,2022-12-12 14:45:06,1
634800fdb2e94793820316a0,6,,weekly_survey,2022-12-12 14:43:18,1
5e9c5460d2c58515ec1702be,6,,weekly_survey,2022-12-12 14:33:16,1
60927707758ca118d00ac04b,6,,weekly_survey,2022-12-12 14:11:56,1
611ffc2ea28e21fa33671d4c,6,,weekly_survey,2022-12-12 14:01:59,1
5f00396a739ed5000c224c26,6,,weekly_survey,2022-12-12 13:53:56,1
6078649b9de64f21e3fee45d,6,,weekly_survey,2022-12-12 13:52:39,1
60edb4bc87206e9977d8d57e,6,,weekly_survey,2022-12-12 13:48:37,1
5a6107bb31b87a0001c6c49b,6,,weekly_survey,2022-12-12 13:47:37,1
5dccf99db9d9049777368b3b,6,,weekly_survey,2022-12-12 13:21:11,1
5efc4bfd3ba857044cac4787,6,,weekly_survey,2022-12-12 13:15:33,1
629f9d0e292a1846040223b7,6,,weekly_survey,2022-12-12 13:00:38,1
5e19d095c5d2902507755956,6,,weekly_survey,2022-12-12 12:30:50,1
61321dc71434c8765dd3bf1c,6,,weekly_survey,2022-12-12 12:29:58,1
60ec9212ee17ee6d4945f7de,6,,weekly_survey,2022-12-12 12:24:19,1
603d04228f5578000ba2c7b5,6,,weekly_survey,2022-12-12 12:18:23,1
5689916dd3d6a7000aa1cbf0,6,,weekly_survey,2022-12-12 12:17:19,1
6307cc2da13d39254c1f139c,6,,weekly_survey,2022-12-12 11:41:20,1
5ce7f7ae2aa9590016af2ba7,6,,weekly_survey,2022-12-12 11:35:30,1
6149b27bd1d1f40ed535c2b4,6,,weekly_survey,2022-12-12 11:32:52,1
5bb0cc738f3bd70001e513e3,6,,weekly_survey,2022-12-12 11:31:54,1
5dc93b9a575da16530499583,6,,weekly_survey,2022-12-12 11:29:22,1
62a1d78571f418b5e6fc26fb,6,,weekly_survey,2022-12-12 11:26:59,1
5e204990b062543612e9a254,6,,weekly_survey,2022-12-12 11:23:29,1
5efb98c3d5919f121a986486,6,,weekly_survey,2022-12-18 21:36:19,1
61470066dce66ce341df39c1,6,,weekly_survey,2022-12-14 16:29:17,1
63468948a737d638cacf18bb,6,,weekly_survey,2022-12-14 15:30:26,1
60dfa262b225a8e45b6d4421,6,,weekly_survey,2022-12-14 15:07:25,1
617097e90d0505595ce66612,6,,weekly_survey,2022-12-14 12:31:48,1
6173a7aa2d3f11e56d9f96f2,6,,weekly_survey,2022-12-13 20:07:08,1
5bbbcd283895e3000163213f,6,,weekly_survey,2022-12-13 14:54:32,1
58ebfc286d5fe6000166b9ff,6,,weekly_survey,2022-12-13 13:40:26,1
5fc0ddfbcfc57d00094c4b3d,6,,weekly_survey,2022-12-13 11:15:22,1
5c17c149f596b100011ca8b8,6,,weekly_survey,2022-12-13 09:46:09,1
5caa61abcb4af3001640e877,6,,weekly_survey,2022-12-13 08:13:38,1
5f493fea06249046a8db8569,6,,weekly_survey,2022-12-13 03:49:42,1
57fbd79de7e73400019ca256,6,,weekly_survey,2022-12-12 23:38:17,1
5c37223ebef9a20001e38dad,6,,weekly_survey,2022-12-12 23:38:04,1
615f352d323edd8ef58fedbd,6,,weekly_survey,2022-12-12 23:12:08,1
628f73adc5b81a118dfb1a06,6,,weekly_survey,2022-12-12 22:29:17,1
5d651053afb8f700198459d4,6,,weekly_survey,2022-12-12 19:35:31,1
62796c419a79d1923fd947e2,6,,weekly_survey,2022-12-12 18:15:04,1
5e41630f6391e10286e2bddf,6,,weekly_survey,2022-12-12 18:11:14,1
603ce90d158dc4ae761a15fa,6,,weekly_survey,2022-12-12 18:05:30,1
627414b935ba5506bee347d2,6,,weekly_survey,2022-12-12 18:00:33,1
5f81cf89624ff22aadd9c9a7,6,,weekly_survey,2022-12-12 16:56:41,1
5e1cf0eb65b6d3071f489de9,6,,weekly_survey,2022-12-12 16:47:04,1
5ed68c770e41400dd0056c55,6,,weekly_survey,2022-12-12 15:52:29,1
611cecb5dbc0658aad64bf2d,6,,weekly_survey,2022-12-12 15:36:43,1
62ce97db1fa788670dea28c2,6,,weekly_survey,2022-12-12 15:12:28,1
60c20abfdccab926283d8f7f,6,,weekly_survey,2022-12-12 14:42:29,1
60da18693053b2c1d420085f,6,,weekly_survey,2022-12-12 13:57:45,1
5cf510ccb0bafb00161ffd56,6,,weekly_survey,2022-12-12 13:51:23,1
5b2accc228c8850001e7f85b,6,,weekly_survey,2022-12-12 13:19:58,1
5f69a3c91c1e25193e3f9c7b,6,,weekly_survey,2022-12-12 12:47:16,1
60ddcc052137212419247c3c,6,,weekly_survey,2022-12-12 12:35:53,1
5c158ec0c6b01c0001bcfa72,6,,weekly_survey,2022-12-12 12:18:27,1
611cf78346c5e728a66f1ebe,6,,weekly_survey,2022-12-12 12:17:57,1
5cc36fcedc68980014f27704,6,,weekly_survey,2022-12-12 12:13:23,1
5f3e788210bda10837e37fca,6,,weekly_survey,2022-12-12 12:10:55,1
5f7e180204eed80b515a3569,6,,weekly_survey,2022-12-12 12:10:46,1
634d73a0b235813241e9532a,6,,weekly_survey,2022-12-12 12:07:22,1
62ebd08bd6729790ced8587f,6,,weekly_survey,2022-12-12 12:00:55,1
601732b73bdebe96ac49d4eb,6,,weekly_survey,2022-12-12 11:33:27,1
5c4b987538878c0001c7883b,6,,weekly_survey,2022-12-12 11:32:44,1
62a71ce6a09aa213bd5c3de9,6,,weekly_survey,2022-12-12 11:29:45,1
5dbb0562b1df1b110ead5bba,6,,weekly_survey,2022-12-12 11:25:35,1
5f28431d82be890d2f58a32d,6,,weekly_survey,2022-12-12 11:25:05,1
5d9261e776e8dd00195f28f2,6,,weekly_survey,2022-12-12 11:24:38,1
5ecffbd8141ffb0a3ec0eb86,6,introduction,M0C1,2023-01-01 17:46:17,1
5cad1eef8ed53d00180d2532,6,introduction,M0C1,2022-12-28 00:02:37,1
5fc93d0e16b69439e106238e,6,introduction,M0C1,2022-12-12 13:52:59,1
634800fdb2e94793820316a0,4,introduction,M0C1,2022-12-06 09:44:09,1
5d575f44182f9f001900a380,4,introduction,M0C1,2022-12-01 01:07:18,1
5b6cd747a1fda800015ff9ba,1,introduction,M0C1,2022-11-08 14:10:47,1
5cc36fcedc68980014f27704,1,introduction,M0C1,2022-11-07 14:06:57,1
5d9261e776e8dd00195f28f2,1,introduction,M0C1,2022-11-07 12:14:59,1
61673b692a55fba0f6b8abf1,0,introduction,M0C1,2022-11-06 18:11:43,1
61011dd1dccad8267930b9bd,0,introduction,M0C1,2022-11-06 12:11:56,1
628f73adc5b81a118dfb1a06,0,introduction,M0C1,2022-11-06 09:01:38,1
627414b935ba5506bee347d2,0,introduction,M0C1,2022-11-04 20:50:59,1
62ebd08bd6729790ced8587f,0,introduction,M0C1,2022-11-04 10:21:13,1
5d651053afb8f700198459d4,0,introduction,M0C1,2022-11-03 19:56:59,1
5a4be74f21bfa00001081851,0,introduction,M0C1,2022-11-03 09:43:43,1
5f7e180204eed80b515a3569,0,introduction,M0C1,2022-11-02 21:20:35,1
5bbbcd283895e3000163213f,0,introduction,M0C1,2022-11-02 20:17:58,1
615f352d323edd8ef58fedbd,0,introduction,M0C1,2022-11-02 19:04:04,1
60dfa262b225a8e45b6d4421,0,introduction,M0C1,2022-11-02 18:36:49,1
617097e90d0505595ce66612,0,introduction,M0C1,2022-11-02 15:34:01,1
603ce90d158dc4ae761a15fa,0,introduction,M0C1,2022-11-02 15:12:40,1
5f3e788210bda10837e37fca,0,introduction,M0C1,2022-11-02 14:08:19,1
5fc0ddfbcfc57d00094c4b3d,0,introduction,M0C1,2022-11-02 14:05:38,1
5f81cf89624ff22aadd9c9a7,0,introduction,M0C1,2022-11-02 13:42:29,1
5fe3740d2738affd7cad1bc0,0,introduction,M0C1,2022-11-02 12:16:47,1
5efb98c3d5919f121a986486,0,introduction,M0C1,2022-11-02 11:39:15,1
5b2accc228c8850001e7f85b,0,introduction,M0C1,2022-11-02 11:16:49,1
63468948a737d638cacf18bb,0,introduction,M0C1,2022-11-02 11:00:19,1
5baa81380d7ad600017a85de,0,introduction,M0C1,2022-11-02 10:32:01,1
5f28431d82be890d2f58a32d,0,introduction,M0C1,2022-11-01 23:22:44,1
5c37223ebef9a20001e38dad,0,introduction,M0C1,2022-11-01 23:22:39,1
5ed68c770e41400dd0056c55,0,introduction,M0C1,2022-11-01 22:51:56,1
62ce97db1fa788670dea28c2,0,introduction,M0C1,2022-11-01 21:56:38,1
5b7f17a7338a93000155a36d,0,introduction,M0C1,2022-11-01 21:37:43,1
61470066dce66ce341df39c1,0,introduction,M0C1,2022-11-01 21:23:02,1
58ebfc286d5fe6000166b9ff,0,introduction,M0C1,2022-11-01 20:35:32,1
6173a7aa2d3f11e56d9f96f2,0,introduction,M0C1,2022-11-01 20:15:02,1
601732b73bdebe96ac49d4eb,0,introduction,M0C1,2022-11-01 20:13:55,1
57fbd79de7e73400019ca256,0,introduction,M0C1,2022-11-01 19:48:51,1
62796c419a79d1923fd947e2,0,introduction,M0C1,2022-11-01 19:47:00,1
5e1cf0eb65b6d3071f489de9,0,introduction,M0C1,2022-11-01 19:35:38,1
5f69a3c91c1e25193e3f9c7b,0,introduction,M0C1,2022-11-01 19:12:23,1
5c4b987538878c0001c7883b,0,introduction,M0C1,2022-11-01 18:40:07,1
611cecb5dbc0658aad64bf2d,0,introduction,M0C1,2022-11-01 18:15:17,1
611cf78346c5e728a66f1ebe,0,introduction,M0C1,2022-11-01 18:08:14,1
634d73a0b235813241e9532a,0,introduction,M0C1,2022-11-01 17:29:22,1
5c17c149f596b100011ca8b8,0,introduction,M0C1,2022-11-01 17:15:13,1
5f493fea06249046a8db8569,0,introduction,M0C1,2022-11-01 16:58:22,1
60da18693053b2c1d420085f,0,introduction,M0C1,2022-11-01 16:40:00,1
60c20abfdccab926283d8f7f,0,introduction,M0C1,2022-11-01 16:33:23,1
5dbb0562b1df1b110ead5bba,0,introduction,M0C1,2022-11-01 14:22:14,1
60ddcc052137212419247c3c,0,introduction,M0C1,2022-11-01 13:43:00,1
5caa61abcb4af3001640e877,0,introduction,M0C1,2022-11-01 13:33:51,1
5cad1eef8ed53d00180d2532,6,introduction,M0C2,2022-12-28 00:05:13,1
5fc93d0e16b69439e106238e,6,introduction,M0C2,2022-12-12 13:55:14,1
634800fdb2e94793820316a0,4,introduction,M0C2,2022-12-06 09:46:13,1
6014c1b18c19b3524a3ef183,4,introduction,M0C2,2022-12-02 22:39:05,1
5d575f44182f9f001900a380,4,introduction,M0C2,2022-12-01 01:09:36,1
5b6cd747a1fda800015ff9ba,1,introduction,M0C2,2022-11-08 14:12:35,1
5cc36fcedc68980014f27704,1,introduction,M0C2,2022-11-07 14:08:22,1
5d9261e776e8dd00195f28f2,1,introduction,M0C2,2022-11-07 12:15:53,1
61673b692a55fba0f6b8abf1,0,introduction,M0C2,2022-11-06 18:12:59,1
61011dd1dccad8267930b9bd,0,introduction,M0C2,2022-11-06 12:13:30,1
628f73adc5b81a118dfb1a06,0,introduction,M0C2,2022-11-06 09:03:36,1
627414b935ba5506bee347d2,0,introduction,M0C2,2022-11-04 20:57:01,1
62ebd08bd6729790ced8587f,0,introduction,M0C2,2022-11-04 10:22:38,1
5d651053afb8f700198459d4,0,introduction,M0C2,2022-11-03 20:01:36,1
5a4be74f21bfa00001081851,0,introduction,M0C2,2022-11-03 09:45:31,1
5f7e180204eed80b515a3569,0,introduction,M0C2,2022-11-02 21:24:22,1
5bbbcd283895e3000163213f,0,introduction,M0C2,2022-11-02 20:20:26,1
615f352d323edd8ef58fedbd,0,introduction,M0C2,2022-11-02 19:05:35,1
60dfa262b225a8e45b6d4421,0,introduction,M0C2,2022-11-02 18:39:06,1
617097e90d0505595ce66612,0,introduction,M0C2,2022-11-02 15:35:45,1
603ce90d158dc4ae761a15fa,0,introduction,M0C2,2022-11-02 15:15:19,1
5f3e788210bda10837e37fca,0,introduction,M0C2,2022-11-02 14:10:39,1
5fc0ddfbcfc57d00094c4b3d,0,introduction,M0C2,2022-11-02 14:06:40,1
5f81cf89624ff22aadd9c9a7,0,introduction,M0C2,2022-11-02 13:44:48,1
63468948a737d638cacf18bb,0,introduction,M0C2,2022-11-02 13:33:23,1
5fe3740d2738affd7cad1bc0,0,introduction,M0C2,2022-11-02 12:17:40,1
5efb98c3d5919f121a986486,0,introduction,M0C2,2022-11-02 11:40:17,1
5b2accc228c8850001e7f85b,0,introduction,M0C2,2022-11-02 11:18:43,1
5baa81380d7ad600017a85de,0,introduction,M0C2,2022-11-02 10:33:29,1
5c37223ebef9a20001e38dad,0,introduction,M0C2,2022-11-01 23:28:50,1
5f28431d82be890d2f58a32d,0,introduction,M0C2,2022-11-01 23:26:18,1
5ed68c770e41400dd0056c55,0,introduction,M0C2,2022-11-01 22:54:17,1
62ce97db1fa788670dea28c2,0,introduction,M0C2,2022-11-01 21:58:03,1
5b7f17a7338a93000155a36d,0,introduction,M0C2,2022-11-01 21:39:34,1
61470066dce66ce341df39c1,0,introduction,M0C2,2022-11-01 21:23:46,1
58ebfc286d5fe6000166b9ff,0,introduction,M0C2,2022-11-01 20:36:49,1
6173a7aa2d3f11e56d9f96f2,0,introduction,M0C2,2022-11-01 20:16:17,1
601732b73bdebe96ac49d4eb,0,introduction,M0C2,2022-11-01 20:15:50,1
57fbd79de7e73400019ca256,0,introduction,M0C2,2022-11-01 19:51:30,1
62796c419a79d1923fd947e2,0,introduction,M0C2,2022-11-01 19:48:38,1
5e1cf0eb65b6d3071f489de9,0,introduction,M0C2,2022-11-01 19:36:59,1
5f69a3c91c1e25193e3f9c7b,0,introduction,M0C2,2022-11-01 19:13:56,1
5c4b987538878c0001c7883b,0,introduction,M0C2,2022-11-01 18:42:36,1
611cecb5dbc0658aad64bf2d,0,introduction,M0C2,2022-11-01 18:16:53,1
611cf78346c5e728a66f1ebe,0,introduction,M0C2,2022-11-01 18:10:33,1
634d73a0b235813241e9532a,0,introduction,M0C2,2022-11-01 17:29:57,1
5c17c149f596b100011ca8b8,0,introduction,M0C2,2022-11-01 17:19:37,1
5f493fea06249046a8db8569,0,introduction,M0C2,2022-11-01 16:56:19,1
60da18693053b2c1d420085f,0,introduction,M0C2,2022-11-01 16:41:41,1
60c20abfdccab926283d8f7f,0,introduction,M0C2,2022-11-01 16:34:09,1
5dbb0562b1df1b110ead5bba,0,introduction,M0C2,2022-11-01 14:24:33,1
60ddcc052137212419247c3c,0,introduction,M0C2,2022-11-01 13:44:40,1
5caa61abcb4af3001640e877,0,introduction,M0C2,2022-11-01 13:37:31,1
5cad1eef8ed53d00180d2532,6,beliefs,M1E1,2022-12-28 00:18:01,1
5d575f44182f9f001900a380,6,beliefs,M1E1,2022-12-15 00:11:45,1
5fc93d0e16b69439e106238e,6,beliefs,M1E1,2022-12-12 14:02:31,1
5b6cd747a1fda800015ff9ba,1,beliefs,M1E1,2022-11-08 14:21:54,1
5e41630f6391e10286e2bddf,1,beliefs,M1E1,2022-11-07 20:09:11,1
5cc36fcedc68980014f27704,1,beliefs,M1E1,2022-11-07 13:59:58,1
601732b73bdebe96ac49d4eb,1,beliefs,M1E1,2022-11-07 12:39:55,1
5d9261e776e8dd00195f28f2,1,beliefs,M1E1,2022-11-07 12:18:24,1
61673b692a55fba0f6b8abf1,1,beliefs,M1E1,2022-11-07 11:29:34,1
5fe3740d2738affd7cad1bc0,1,beliefs,M1E1,2022-11-07 09:19:37,1
5f3e788210bda10837e37fca,1,beliefs,M1E1,2022-11-07 06:00:47,1
61011dd1dccad8267930b9bd,0,beliefs,M1E1,2022-11-06 12:20:14,1
5f81cf89624ff22aadd9c9a7,0,beliefs,M1E1,2022-11-06 10:53:37,1
5a4be74f21bfa00001081851,0,beliefs,M1E1,2022-11-06 10:07:05,1
628f73adc5b81a118dfb1a06,0,beliefs,M1E1,2022-11-06 09:08:57,1
5c4b987538878c0001c7883b,0,beliefs,M1E1,2022-11-05 21:45:10,1
627414b935ba5506bee347d2,0,beliefs,M1E1,2022-11-04 21:10:40,1
60dfa262b225a8e45b6d4421,0,beliefs,M1E1,2022-11-04 20:20:33,1
62ebd08bd6729790ced8587f,0,beliefs,M1E1,2022-11-04 10:27:32,1
5bbbcd283895e3000163213f,0,beliefs,M1E1,2022-11-04 09:12:28,1
5e1cf0eb65b6d3071f489de9,0,beliefs,M1E1,2022-11-03 21:30:16,1
62796c419a79d1923fd947e2,0,beliefs,M1E1,2022-11-03 21:14:27,1
5caa61abcb4af3001640e877,0,beliefs,M1E1,2022-11-03 20:54:30,1
5d651053afb8f700198459d4,0,beliefs,M1E1,2022-11-03 20:09:53,1
5c37223ebef9a20001e38dad,0,beliefs,M1E1,2022-11-03 17:56:07,1
62ce97db1fa788670dea28c2,0,beliefs,M1E1,2022-11-03 11:01:58,1
5b7f17a7338a93000155a36d,0,beliefs,M1E1,2022-11-03 00:47:04,1
5f7e180204eed80b515a3569,0,beliefs,M1E1,2022-11-02 21:36:04,1
615f352d323edd8ef58fedbd,0,beliefs,M1E1,2022-11-02 19:28:40,1
617097e90d0505595ce66612,0,beliefs,M1E1,2022-11-02 15:41:40,1
603ce90d158dc4ae761a15fa,0,beliefs,M1E1,2022-11-02 15:23:13,1
5fc0ddfbcfc57d00094c4b3d,0,beliefs,M1E1,2022-11-02 14:11:07,1
63468948a737d638cacf18bb,0,beliefs,M1E1,2022-11-02 13:38:32,1
5efb98c3d5919f121a986486,0,beliefs,M1E1,2022-11-02 11:43:50,1
5b2accc228c8850001e7f85b,0,beliefs,M1E1,2022-11-02 11:26:33,1
5baa81380d7ad600017a85de,0,beliefs,M1E1,2022-11-02 10:38:26,1
5f28431d82be890d2f58a32d,0,beliefs,M1E1,2022-11-01 23:38:50,1
5ed68c770e41400dd0056c55,0,beliefs,M1E1,2022-11-01 23:00:37,1
61470066dce66ce341df39c1,0,beliefs,M1E1,2022-11-01 21:27:43,1
611cecb5dbc0658aad64bf2d,0,beliefs,M1E1,2022-11-01 21:26:01,1
6173a7aa2d3f11e56d9f96f2,0,beliefs,M1E1,2022-11-01 21:15:24,1
58ebfc286d5fe6000166b9ff,0,beliefs,M1E1,2022-11-01 21:09:08,1
5f493fea06249046a8db8569,0,beliefs,M1E1,2022-11-01 21:05:09,1
57fbd79de7e73400019ca256,0,beliefs,M1E1,2022-11-01 20:00:57,1
5f69a3c91c1e25193e3f9c7b,0,beliefs,M1E1,2022-11-01 19:18:44,1
611cf78346c5e728a66f1ebe,0,beliefs,M1E1,2022-11-01 18:17:26,1
634d73a0b235813241e9532a,0,beliefs,M1E1,2022-11-01 17:32:04,1
60da18693053b2c1d420085f,0,beliefs,M1E1,2022-11-01 16:46:38,1
60c20abfdccab926283d8f7f,0,beliefs,M1E1,2022-11-01 16:38:01,1
5dbb0562b1df1b110ead5bba,0,beliefs,M1E1,2022-11-01 14:32:40,1
60ddcc052137212419247c3c,0,beliefs,M1E1,2022-11-01 13:51:18,1
5cad1eef8ed53d00180d2532,6,beliefs,M1E2,2022-12-29 01:37:18,1
5b6cd747a1fda800015ff9ba,1,beliefs,M1E2,2022-11-08 14:31:54,1
5e41630f6391e10286e2bddf,1,beliefs,M1E2,2022-11-07 20:14:21,1
5cc36fcedc68980014f27704,1,beliefs,M1E2,2022-11-07 14:05:17,1
601732b73bdebe96ac49d4eb,1,beliefs,M1E2,2022-11-07 12:47:55,1
5d9261e776e8dd00195f28f2,1,beliefs,M1E2,2022-11-07 12:21:47,1
61673b692a55fba0f6b8abf1,1,beliefs,M1E2,2022-11-07 11:34:02,1
5fe3740d2738affd7cad1bc0,1,beliefs,M1E2,2022-11-07 09:23:23,1
5f3e788210bda10837e37fca,1,beliefs,M1E2,2022-11-07 06:08:09,1
61011dd1dccad8267930b9bd,0,beliefs,M1E2,2022-11-06 12:27:12,1
60dfa262b225a8e45b6d4421,0,beliefs,M1E2,2022-11-06 11:58:42,1
5f81cf89624ff22aadd9c9a7,0,beliefs,M1E2,2022-11-06 11:07:35,1
628f73adc5b81a118dfb1a06,0,beliefs,M1E2,2022-11-06 09:17:00,1
627414b935ba5506bee347d2,0,beliefs,M1E2,2022-11-05 22:31:45,1
5f7e180204eed80b515a3569,0,beliefs,M1E2,2022-11-05 22:21:21,1
5c4b987538878c0001c7883b,0,beliefs,M1E2,2022-11-05 21:53:28,1
5e1cf0eb65b6d3071f489de9,0,beliefs,M1E2,2022-11-05 11:20:38,1
5c17c149f596b100011ca8b8,0,beliefs,M1E2,2022-11-04 14:06:35,1
62ebd08bd6729790ced8587f,0,beliefs,M1E2,2022-11-04 10:32:33,1
5bbbcd283895e3000163213f,0,beliefs,M1E2,2022-11-04 09:16:23,1
62796c419a79d1923fd947e2,0,beliefs,M1E2,2022-11-03 22:43:25,1
5caa61abcb4af3001640e877,0,beliefs,M1E2,2022-11-03 20:57:45,1
5d651053afb8f700198459d4,0,beliefs,M1E2,2022-11-03 20:20:12,1
63468948a737d638cacf18bb,0,beliefs,M1E2,2022-11-03 19:27:11,1
5c37223ebef9a20001e38dad,0,beliefs,M1E2,2022-11-03 18:08:53,1
6173a7aa2d3f11e56d9f96f2,0,beliefs,M1E2,2022-11-03 17:51:40,1
5f493fea06249046a8db8569,0,beliefs,M1E2,2022-11-03 17:38:01,1
62ce97db1fa788670dea28c2,0,beliefs,M1E2,2022-11-03 11:07:09,1
5b7f17a7338a93000155a36d,0,beliefs,M1E2,2022-11-03 00:53:48,1
615f352d323edd8ef58fedbd,0,beliefs,M1E2,2022-11-02 19:32:35,1
617097e90d0505595ce66612,0,beliefs,M1E2,2022-11-02 18:37:06,1
603ce90d158dc4ae761a15fa,0,beliefs,M1E2,2022-11-02 15:33:00,1
5fc0ddfbcfc57d00094c4b3d,0,beliefs,M1E2,2022-11-02 14:14:30,1
5efb98c3d5919f121a986486,0,beliefs,M1E2,2022-11-02 11:46:52,1
5b2accc228c8850001e7f85b,0,beliefs,M1E2,2022-11-02 11:34:50,1
5baa81380d7ad600017a85de,0,beliefs,M1E2,2022-11-02 10:43:28,1
5f28431d82be890d2f58a32d,0,beliefs,M1E2,2022-11-01 23:47:34,1
5ed68c770e41400dd0056c55,0,beliefs,M1E2,2022-11-01 23:06:39,1
611cecb5dbc0658aad64bf2d,0,beliefs,M1E2,2022-11-01 21:47:14,1
61470066dce66ce341df39c1,0,beliefs,M1E2,2022-11-01 21:29:43,1
58ebfc286d5fe6000166b9ff,0,beliefs,M1E2,2022-11-01 21:15:00,1
57fbd79de7e73400019ca256,0,beliefs,M1E2,2022-11-01 21:08:58,1
611cf78346c5e728a66f1ebe,0,beliefs,M1E2,2022-11-01 20:08:20,1
5f69a3c91c1e25193e3f9c7b,0,beliefs,M1E2,2022-11-01 19:23:19,1
634d73a0b235813241e9532a,0,beliefs,M1E2,2022-11-01 17:34:04,1
60da18693053b2c1d420085f,0,beliefs,M1E2,2022-11-01 16:53:02,1
60c20abfdccab926283d8f7f,0,beliefs,M1E2,2022-11-01 16:42:36,1
5dbb0562b1df1b110ead5bba,0,beliefs,M1E2,2022-11-01 14:40:25,1
60ddcc052137212419247c3c,0,beliefs,M1E2,2022-11-01 13:57:17,1
5cad1eef8ed53d00180d2532,4,attention,M2E1,2022-12-11 21:30:59,1
62796c419a79d1923fd947e2,2,attention,M2E1,2022-11-18 18:05:21,1
60da18693053b2c1d420085f,2,attention,M2E1,2022-11-18 16:50:16,1
628f73adc5b81a118dfb1a06,2,attention,M2E1,2022-11-14 18:50:13,1
627414b935ba5506bee347d2,2,attention,M2E1,2022-11-14 16:17:50,1
601732b73bdebe96ac49d4eb,2,attention,M2E1,2022-11-14 15:46:36,1
5f3e788210bda10837e37fca,2,attention,M2E1,2022-11-14 12:57:32,1
61011dd1dccad8267930b9bd,2,attention,M2E1,2022-11-14 09:03:57,1
5c17c149f596b100011ca8b8,1,attention,M2E1,2022-11-13 22:29:54,1
5f7e180204eed80b515a3569,1,attention,M2E1,2022-11-13 21:57:14,1
57fbd79de7e73400019ca256,1,attention,M2E1,2022-11-13 20:59:48,1
5d651053afb8f700198459d4,1,attention,M2E1,2022-11-13 20:44:15,1
5e41630f6391e10286e2bddf,1,attention,M2E1,2022-11-13 19:37:34,1
5f493fea06249046a8db8569,1,attention,M2E1,2022-11-13 15:58:05,1
603ce90d158dc4ae761a15fa,1,attention,M2E1,2022-11-13 15:02:26,1
5c4b987538878c0001c7883b,1,attention,M2E1,2022-11-13 07:32:39,1
60dfa262b225a8e45b6d4421,1,attention,M2E1,2022-11-13 02:55:51,1
61470066dce66ce341df39c1,1,attention,M2E1,2022-11-12 17:39:22,1
617097e90d0505595ce66612,1,attention,M2E1,2022-11-12 14:31:46,1
62ebd08bd6729790ced8587f,1,attention,M2E1,2022-11-12 08:50:42,1
58ebfc286d5fe6000166b9ff,1,attention,M2E1,2022-11-11 20:57:48,1
5e1cf0eb65b6d3071f489de9,1,attention,M2E1,2022-11-11 16:18:08,1
63468948a737d638cacf18bb,1,attention,M2E1,2022-11-11 09:41:38,1
60ddcc052137212419247c3c,1,attention,M2E1,2022-11-10 21:41:19,1
5fe3740d2738affd7cad1bc0,1,attention,M2E1,2022-11-10 20:47:14,1
5b6cd747a1fda800015ff9ba,1,attention,M2E1,2022-11-10 13:04:09,1
5f81cf89624ff22aadd9c9a7,1,attention,M2E1,2022-11-10 11:22:32,1
6173a7aa2d3f11e56d9f96f2,1,attention,M2E1,2022-11-09 18:02:52,1
5c37223ebef9a20001e38dad,1,attention,M2E1,2022-11-09 00:45:01,1
5b2accc228c8850001e7f85b,1,attention,M2E1,2022-11-08 20:00:46,1
5fc0ddfbcfc57d00094c4b3d,1,attention,M2E1,2022-11-08 19:32:09,1
615f352d323edd8ef58fedbd,1,attention,M2E1,2022-11-08 18:53:18,1
5d9261e776e8dd00195f28f2,1,attention,M2E1,2022-11-08 17:18:15,1
60c20abfdccab926283d8f7f,1,attention,M2E1,2022-11-08 14:55:55,1
5f69a3c91c1e25193e3f9c7b,1,attention,M2E1,2022-11-08 10:52:19,1
5bbbcd283895e3000163213f,1,attention,M2E1,2022-11-08 10:09:52,1
5baa81380d7ad600017a85de,1,attention,M2E1,2022-11-07 23:34:30,1
611cf78346c5e728a66f1ebe,1,attention,M2E1,2022-11-07 22:29:45,1
611cecb5dbc0658aad64bf2d,1,attention,M2E1,2022-11-07 21:13:57,1
5cc36fcedc68980014f27704,1,attention,M2E1,2022-11-07 19:40:50,1
5caa61abcb4af3001640e877,1,attention,M2E1,2022-11-07 19:01:57,1
5efb98c3d5919f121a986486,1,attention,M2E1,2022-11-07 18:33:50,1
634d73a0b235813241e9532a,1,attention,M2E1,2022-11-07 16:51:25,1
5ed68c770e41400dd0056c55,1,attention,M2E1,2022-11-07 16:46:31,1
5dbb0562b1df1b110ead5bba,1,attention,M2E1,2022-11-07 16:44:50,1
60dfa262b225a8e45b6d4421,2,attention,M2E2,2022-11-15 11:29:52,1
5b7f17a7338a93000155a36d,2,attention,M2E2,2022-11-14 22:34:24,1
627414b935ba5506bee347d2,2,attention,M2E2,2022-11-14 16:31:22,1
5cc36fcedc68980014f27704,2,attention,M2E2,2022-11-14 13:43:08,1
5f3e788210bda10837e37fca,2,attention,M2E2,2022-11-14 13:10:23,1
5f81cf89624ff22aadd9c9a7,2,attention,M2E2,2022-11-14 12:33:26,1
5e1cf0eb65b6d3071f489de9,2,attention,M2E2,2022-11-14 12:32:55,1
5fe3740d2738affd7cad1bc0,2,attention,M2E2,2022-11-14 12:29:05,1
6173a7aa2d3f11e56d9f96f2,2,attention,M2E2,2022-11-14 09:34:19,1
5f7e180204eed80b515a3569,2,attention,M2E2,2022-11-14 09:26:16,1
5c17c149f596b100011ca8b8,1,attention,M2E2,2022-11-13 22:56:40,1
5f28431d82be890d2f58a32d,1,attention,M2E2,2022-11-13 22:31:22,1
57fbd79de7e73400019ca256,1,attention,M2E2,2022-11-13 21:16:19,1
5d651053afb8f700198459d4,1,attention,M2E2,2022-11-13 20:56:41,1
5e41630f6391e10286e2bddf,1,attention,M2E2,2022-11-13 19:49:30,1
5f493fea06249046a8db8569,1,attention,M2E2,2022-11-13 16:09:51,1
603ce90d158dc4ae761a15fa,1,attention,M2E2,2022-11-13 15:11:08,1
62ce97db1fa788670dea28c2,1,attention,M2E2,2022-11-13 15:05:48,1
63468948a737d638cacf18bb,1,attention,M2E2,2022-11-13 12:56:18,1
5c4b987538878c0001c7883b,1,attention,M2E2,2022-11-13 07:48:32,1
61470066dce66ce341df39c1,1,attention,M2E2,2022-11-12 17:51:27,1
5c37223ebef9a20001e38dad,1,attention,M2E2,2022-11-12 15:13:13,1
617097e90d0505595ce66612,1,attention,M2E2,2022-11-12 14:44:35,1
62ebd08bd6729790ced8587f,1,attention,M2E2,2022-11-12 09:04:52,1
58ebfc286d5fe6000166b9ff,1,attention,M2E2,2022-11-11 21:01:29,1
60ddcc052137212419247c3c,1,attention,M2E2,2022-11-11 15:02:20,1
611cf78346c5e728a66f1ebe,1,attention,M2E2,2022-11-10 16:25:46,1
5b6cd747a1fda800015ff9ba,1,attention,M2E2,2022-11-10 13:33:23,1
5fc0ddfbcfc57d00094c4b3d,1,attention,M2E2,2022-11-08 19:42:46,1
5d9261e776e8dd00195f28f2,1,attention,M2E2,2022-11-08 17:31:47,1
5f69a3c91c1e25193e3f9c7b,1,attention,M2E2,2022-11-08 11:13:01,1
5bbbcd283895e3000163213f,1,attention,M2E2,2022-11-08 10:13:03,1
5baa81380d7ad600017a85de,1,attention,M2E2,2022-11-08 08:27:08,1
611cecb5dbc0658aad64bf2d,1,attention,M2E2,2022-11-07 21:33:29,1
5caa61abcb4af3001640e877,1,attention,M2E2,2022-11-07 21:05:10,1
5efb98c3d5919f121a986486,1,attention,M2E2,2022-11-07 20:21:07,1
5ed68c770e41400dd0056c55,1,attention,M2E2,2022-11-07 16:59:47,1
5dbb0562b1df1b110ead5bba,1,attention,M2E2,2022-11-07 16:58:37,1
634d73a0b235813241e9532a,1,attention,M2E2,2022-11-07 16:52:27,1
5cad1eef8ed53d00180d2532,6,avoidance,M3C1,2022-12-13 23:17:08,1
5f81cf89624ff22aadd9c9a7,4,avoidance,M3C1,2022-11-28 22:01:53,1
62796c419a79d1923fd947e2,4,avoidance,M3C1,2022-11-26 11:07:34,1
5b7f17a7338a93000155a36d,4,avoidance,M3C1,2022-11-23 22:15:24,1
5cc36fcedc68980014f27704,3,avoidance,M3C1,2022-11-21 16:52:25,1
627414b935ba5506bee347d2,3,avoidance,M3C1,2022-11-21 15:43:28,1
5f3e788210bda10837e37fca,3,avoidance,M3C1,2022-11-21 15:00:25,1
601732b73bdebe96ac49d4eb,3,avoidance,M3C1,2022-11-21 13:30:23,1
617097e90d0505595ce66612,3,avoidance,M3C1,2022-11-21 12:06:21,1
60dfa262b225a8e45b6d4421,2,avoidance,M3C1,2022-11-20 22:41:37,1
5f69a3c91c1e25193e3f9c7b,2,avoidance,M3C1,2022-11-20 21:51:53,1
628f73adc5b81a118dfb1a06,2,avoidance,M3C1,2022-11-20 20:10:40,1
57fbd79de7e73400019ca256,2,avoidance,M3C1,2022-11-20 18:30:40,1
5c17c149f596b100011ca8b8,2,avoidance,M3C1,2022-11-20 08:25:13,1
5f7e180204eed80b515a3569,2,avoidance,M3C1,2022-11-19 13:33:19,1
5f28431d82be890d2f58a32d,2,avoidance,M3C1,2022-11-19 10:08:21,1
5c37223ebef9a20001e38dad,2,avoidance,M3C1,2022-11-18 22:08:39,1
62ebd08bd6729790ced8587f,2,avoidance,M3C1,2022-11-18 20:44:25,1
60ddcc052137212419247c3c,2,avoidance,M3C1,2022-11-18 13:23:17,1
63468948a737d638cacf18bb,2,avoidance,M3C1,2022-11-18 12:46:22,1
603ce90d158dc4ae761a15fa,2,avoidance,M3C1,2022-11-18 11:36:21,1
5d651053afb8f700198459d4,2,avoidance,M3C1,2022-11-17 21:02:14,1
5fc0ddfbcfc57d00094c4b3d,2,avoidance,M3C1,2022-11-17 19:38:04,1
5bbbcd283895e3000163213f,2,avoidance,M3C1,2022-11-17 12:00:40,1
5f493fea06249046a8db8569,2,avoidance,M3C1,2022-11-17 00:02:49,1
611cecb5dbc0658aad64bf2d,2,avoidance,M3C1,2022-11-16 21:30:48,1
5c4b987538878c0001c7883b,2,avoidance,M3C1,2022-11-16 09:54:17,1
5caa61abcb4af3001640e877,2,avoidance,M3C1,2022-11-15 21:08:21,1
611cf78346c5e728a66f1ebe,2,avoidance,M3C1,2022-11-15 13:22:41,1
5dbb0562b1df1b110ead5bba,2,avoidance,M3C1,2022-11-15 12:41:07,1
5baa81380d7ad600017a85de,2,avoidance,M3C1,2022-11-15 08:15:34,1
5b2accc228c8850001e7f85b,2,avoidance,M3C1,2022-11-14 23:57:59,1
5efb98c3d5919f121a986486,2,avoidance,M3C1,2022-11-14 20:10:36,1
5ed68c770e41400dd0056c55,2,avoidance,M3C1,2022-11-14 18:19:03,1
5b6cd747a1fda800015ff9ba,2,avoidance,M3C1,2022-11-14 15:35:27,1
60c20abfdccab926283d8f7f,2,avoidance,M3C1,2022-11-14 15:16:37,1
5d9261e776e8dd00195f28f2,2,avoidance,M3C1,2022-11-14 14:14:51,1
634d73a0b235813241e9532a,2,avoidance,M3C1,2022-11-14 12:48:25,1
5cad1eef8ed53d00180d2532,6,avoidance,M3E1,2022-12-18 13:17:12,1
5b7f17a7338a93000155a36d,4,avoidance,M3E1,2022-11-26 11:40:21,1
5f7e180204eed80b515a3569,4,avoidance,M3E1,2022-11-24 21:34:13,1
5e1cf0eb65b6d3071f489de9,4,avoidance,M3E1,2022-11-24 16:14:55,1
5f493fea06249046a8db8569,3,avoidance,M3E1,2022-11-22 13:07:15,1
5cc36fcedc68980014f27704,3,avoidance,M3E1,2022-11-21 18:25:28,1
5f3e788210bda10837e37fca,3,avoidance,M3E1,2022-11-21 16:11:52,1
627414b935ba5506bee347d2,3,avoidance,M3E1,2022-11-21 16:03:22,1
601732b73bdebe96ac49d4eb,3,avoidance,M3E1,2022-11-21 13:45:49,1
62ebd08bd6729790ced8587f,3,avoidance,M3E1,2022-11-21 08:19:54,1
5c17c149f596b100011ca8b8,3,avoidance,M3E1,2022-11-21 00:02:41,1
60dfa262b225a8e45b6d4421,2,avoidance,M3E1,2022-11-20 23:18:44,1
5c37223ebef9a20001e38dad,2,avoidance,M3E1,2022-11-20 22:17:00,1
5f69a3c91c1e25193e3f9c7b,2,avoidance,M3E1,2022-11-20 22:13:15,1
628f73adc5b81a118dfb1a06,2,avoidance,M3E1,2022-11-20 20:21:31,1
57fbd79de7e73400019ca256,2,avoidance,M3E1,2022-11-20 18:57:00,1
60ddcc052137212419247c3c,2,avoidance,M3E1,2022-11-20 15:32:09,1
5bbbcd283895e3000163213f,2,avoidance,M3E1,2022-11-20 00:41:56,1
5f28431d82be890d2f58a32d,2,avoidance,M3E1,2022-11-19 10:13:03,1
5b2accc228c8850001e7f85b,2,avoidance,M3E1,2022-11-19 01:35:47,1
5d651053afb8f700198459d4,2,avoidance,M3E1,2022-11-18 18:36:27,1
60c20abfdccab926283d8f7f,2,avoidance,M3E1,2022-11-18 16:39:34,1
63468948a737d638cacf18bb,2,avoidance,M3E1,2022-11-18 12:52:07,1
603ce90d158dc4ae761a15fa,2,avoidance,M3E1,2022-11-18 11:44:12,1
5fc0ddfbcfc57d00094c4b3d,2,avoidance,M3E1,2022-11-17 19:45:09,1
611cecb5dbc0658aad64bf2d,2,avoidance,M3E1,2022-11-16 21:37:34,1
5c4b987538878c0001c7883b,2,avoidance,M3E1,2022-11-16 17:28:22,1
5caa61abcb4af3001640e877,2,avoidance,M3E1,2022-11-16 10:49:07,1
611cf78346c5e728a66f1ebe,2,avoidance,M3E1,2022-11-15 19:17:30,1
5dbb0562b1df1b110ead5bba,2,avoidance,M3E1,2022-11-15 12:48:24,1
5baa81380d7ad600017a85de,2,avoidance,M3E1,2022-11-15 08:19:58,1
5ed68c770e41400dd0056c55,2,avoidance,M3E1,2022-11-14 20:53:39,1
5efb98c3d5919f121a986486,2,avoidance,M3E1,2022-11-14 20:26:49,1
5b6cd747a1fda800015ff9ba,2,avoidance,M3E1,2022-11-14 15:42:21,1
5d9261e776e8dd00195f28f2,2,avoidance,M3E1,2022-11-14 14:18:53,1
634d73a0b235813241e9532a,2,avoidance,M3E1,2022-11-14 12:51:33,1
5cad1eef8ed53d00180d2532,6,avoidance,M3E2,2022-12-19 23:47:56,1
5e1cf0eb65b6d3071f489de9,4,avoidance,M3E2,2022-11-27 13:32:37,1
5b7f17a7338a93000155a36d,4,avoidance,M3E2,2022-11-26 19:16:53,1
5f7e180204eed80b515a3569,4,avoidance,M3E2,2022-11-25 21:51:33,1
628f73adc5b81a118dfb1a06,4,avoidance,M3E2,2022-11-24 13:00:04,1
5f493fea06249046a8db8569,3,avoidance,M3E2,2022-11-22 13:08:00,1
60dfa262b225a8e45b6d4421,3,avoidance,M3E2,2022-11-21 18:09:49,1
5f3e788210bda10837e37fca,3,avoidance,M3E2,2022-11-21 16:12:54,1
627414b935ba5506bee347d2,3,avoidance,M3E2,2022-11-21 16:06:42,1
601732b73bdebe96ac49d4eb,3,avoidance,M3E2,2022-11-21 13:49:57,1
60ddcc052137212419247c3c,3,avoidance,M3E2,2022-11-21 12:23:46,1
5fc0ddfbcfc57d00094c4b3d,3,avoidance,M3E2,2022-11-21 10:03:01,1
5c17c149f596b100011ca8b8,3,avoidance,M3E2,2022-11-21 09:50:09,1
62ebd08bd6729790ced8587f,3,avoidance,M3E2,2022-11-21 08:21:29,1
5d651053afb8f700198459d4,2,avoidance,M3E2,2022-11-20 22:59:31,1
5f69a3c91c1e25193e3f9c7b,2,avoidance,M3E2,2022-11-20 22:40:48,1
603ce90d158dc4ae761a15fa,2,avoidance,M3E2,2022-11-20 21:55:40,1
5bbbcd283895e3000163213f,2,avoidance,M3E2,2022-11-20 21:44:33,1
5f28431d82be890d2f58a32d,2,avoidance,M3E2,2022-11-20 17:12:39,1
5b2accc228c8850001e7f85b,2,avoidance,M3E2,2022-11-19 18:43:50,1
5c4b987538878c0001c7883b,2,avoidance,M3E2,2022-11-19 18:21:12,1
611cf78346c5e728a66f1ebe,2,avoidance,M3E2,2022-11-18 21:38:04,1
60c20abfdccab926283d8f7f,2,avoidance,M3E2,2022-11-18 16:42:06,1
611cecb5dbc0658aad64bf2d,2,avoidance,M3E2,2022-11-18 14:06:23,1
5b6cd747a1fda800015ff9ba,2,avoidance,M3E2,2022-11-16 11:56:09,1
5dbb0562b1df1b110ead5bba,2,avoidance,M3E2,2022-11-15 16:37:07,1
5d9261e776e8dd00195f28f2,2,avoidance,M3E2,2022-11-15 15:58:42,1
5ed68c770e41400dd0056c55,2,avoidance,M3E2,2022-11-15 15:23:49,1
5efb98c3d5919f121a986486,2,avoidance,M3E2,2022-11-15 13:07:58,1
5baa81380d7ad600017a85de,2,avoidance,M3E2,2022-11-15 08:22:55,1
5cad1eef8ed53d00180d2532,6,rumination,M4C1E1,2022-12-19 23:58:52,1
5f69a3c91c1e25193e3f9c7b,4,rumination,M4C1E1,2022-11-29 22:27:26,1
5d651053afb8f700198459d4,4,rumination,M4C1E1,2022-11-29 17:35:11,1
5e1cf0eb65b6d3071f489de9,4,rumination,M4C1E1,2022-11-29 11:28:17,1
5b7f17a7338a93000155a36d,4,rumination,M4C1E1,2022-11-29 00:47:27,1
627414b935ba5506bee347d2,4,rumination,M4C1E1,2022-11-28 21:23:26,1
57fbd79de7e73400019ca256,4,rumination,M4C1E1,2022-11-28 20:42:05,1
601732b73bdebe96ac49d4eb,4,rumination,M4C1E1,2022-11-28 17:57:03,1
5cc36fcedc68980014f27704,4,rumination,M4C1E1,2022-11-28 16:32:27,1
63468948a737d638cacf18bb,4,rumination,M4C1E1,2022-11-28 13:45:20,1
5c17c149f596b100011ca8b8,4,rumination,M4C1E1,2022-11-28 12:28:16,1
603ce90d158dc4ae761a15fa,4,rumination,M4C1E1,2022-11-28 00:58:24,1
5f7e180204eed80b515a3569,4,rumination,M4C1E1,2022-11-27 21:48:21,1
5f3e788210bda10837e37fca,4,rumination,M4C1E1,2022-11-27 19:45:32,1
5caa61abcb4af3001640e877,4,rumination,M4C1E1,2022-11-25 08:13:59,1
611cf78346c5e728a66f1ebe,4,rumination,M4C1E1,2022-11-24 19:24:36,1
60ddcc052137212419247c3c,4,rumination,M4C1E1,2022-11-24 15:38:46,1
634d73a0b235813241e9532a,4,rumination,M4C1E1,2022-11-24 13:29:37,1
5c4b987538878c0001c7883b,4,rumination,M4C1E1,2022-11-24 12:03:02,1
5c37223ebef9a20001e38dad,4,rumination,M4C1E1,2022-11-24 11:18:23,1
611cecb5dbc0658aad64bf2d,4,rumination,M4C1E1,2022-11-23 21:12:15,1
5b6cd747a1fda800015ff9ba,4,rumination,M4C1E1,2022-11-23 16:47:14,1
5dbb0562b1df1b110ead5bba,3,rumination,M4C1E1,2022-11-22 17:07:11,1
5d9261e776e8dd00195f28f2,3,rumination,M4C1E1,2022-11-22 16:17:02,1
5f493fea06249046a8db8569,3,rumination,M4C1E1,2022-11-22 13:26:16,1
60c20abfdccab926283d8f7f,3,rumination,M4C1E1,2022-11-22 06:54:45,1
5bbbcd283895e3000163213f,3,rumination,M4C1E1,2022-11-22 00:03:36,1
5baa81380d7ad600017a85de,3,rumination,M4C1E1,2022-11-21 22:32:21,1
5ed68c770e41400dd0056c55,3,rumination,M4C1E1,2022-11-21 22:16:35,1
5fc0ddfbcfc57d00094c4b3d,3,rumination,M4C1E1,2022-11-21 19:38:50,1
5efb98c3d5919f121a986486,3,rumination,M4C1E1,2022-11-21 19:26:23,1
5b2accc228c8850001e7f85b,3,rumination,M4C1E1,2022-11-21 16:55:48,1
62ebd08bd6729790ced8587f,3,rumination,M4C1E1,2022-11-21 15:29:14,1
5f69a3c91c1e25193e3f9c7b,4,rumination,M4C2E2,2022-11-29 22:58:18,1
5c17c149f596b100011ca8b8,4,rumination,M4C2E2,2022-11-29 22:07:01,1
5f3e788210bda10837e37fca,4,rumination,M4C2E2,2022-11-29 21:37:12,1
5d651053afb8f700198459d4,4,rumination,M4C2E2,2022-11-29 17:46:12,1
5e1cf0eb65b6d3071f489de9,4,rumination,M4C2E2,2022-11-29 11:37:50,1
611cf78346c5e728a66f1ebe,4,rumination,M4C2E2,2022-11-29 07:22:42,1
5b7f17a7338a93000155a36d,4,rumination,M4C2E2,2022-11-29 00:53:37,1
601732b73bdebe96ac49d4eb,4,rumination,M4C2E2,2022-11-28 22:24:19,1
5cc36fcedc68980014f27704,4,rumination,M4C2E2,2022-11-28 22:07:51,1
627414b935ba5506bee347d2,4,rumination,M4C2E2,2022-11-28 21:28:43,1
57fbd79de7e73400019ca256,4,rumination,M4C2E2,2022-11-28 20:32:35,1
5f7e180204eed80b515a3569,4,rumination,M4C2E2,2022-11-28 19:21:51,1
5f493fea06249046a8db8569,4,rumination,M4C2E2,2022-11-28 15:37:47,1
63468948a737d638cacf18bb,4,rumination,M4C2E2,2022-11-28 13:51:28,1
5c37223ebef9a20001e38dad,4,rumination,M4C2E2,2022-11-28 11:17:50,1
60ddcc052137212419247c3c,4,rumination,M4C2E2,2022-11-28 09:49:11,1
603ce90d158dc4ae761a15fa,4,rumination,M4C2E2,2022-11-28 01:08:26,1
5bbbcd283895e3000163213f,4,rumination,M4C2E2,2022-11-27 23:43:10,1
60c20abfdccab926283d8f7f,4,rumination,M4C2E2,2022-11-27 13:28:09,1
62ebd08bd6729790ced8587f,4,rumination,M4C2E2,2022-11-27 13:24:44,1
5caa61abcb4af3001640e877,4,rumination,M4C2E2,2022-11-25 08:17:38,1
634d73a0b235813241e9532a,4,rumination,M4C2E2,2022-11-24 13:27:20,1
5c4b987538878c0001c7883b,4,rumination,M4C2E2,2022-11-24 12:11:39,1
611cecb5dbc0658aad64bf2d,4,rumination,M4C2E2,2022-11-23 21:18:08,1
5b6cd747a1fda800015ff9ba,4,rumination,M4C2E2,2022-11-23 16:52:41,1
5dbb0562b1df1b110ead5bba,3,rumination,M4C2E2,2022-11-22 19:22:36,1
5d9261e776e8dd00195f28f2,3,rumination,M4C2E2,2022-11-22 16:22:04,1
5baa81380d7ad600017a85de,3,rumination,M4C2E2,2022-11-21 22:36:31,1
5ed68c770e41400dd0056c55,3,rumination,M4C2E2,2022-11-21 22:28:56,1
5fc0ddfbcfc57d00094c4b3d,3,rumination,M4C2E2,2022-11-21 19:42:29,1
5efb98c3d5919f121a986486,3,rumination,M4C2E2,2022-11-21 19:31:27,1
5b2accc228c8850001e7f85b,3,rumination,M4C2E2,2022-11-21 17:00:01,1
